,f_fixations,%_fixations,μ_t_fixations,σ_t_fixations,μ_vmax_fixations,σ_vmax_fixations,μ_v_fixations,f_pursuits,%_pursuits,μ_t_pursuits,σ_t_pursuits,μ_vmax_pursuits,σ_vmax_pursuits,μ_v_pursuits,f_saccades,%_saccades,μ_t_saccades,σ_t_saccades,μ_vmax_saccades,σ_vmax_saccades,μ_v_saccades,f_pso/glissades,%_pso/glissades,μ_t_pso/glissades,σ_t_pso/glissades,μ_vmax_pso/glissades,σ_vmax_pso/glissades,μ_v_pso/glissades,μ_openness,μ_diameter,bedford,bedford_enc,Subject,Mode
wrk\Subject_20_baseline_rmexp.csv,2.1710029844180765,0.3111413043478261,0.21043318777292577,0.4642938697648202,46.693380786026204,66.25496584509989,7.019159234849304,1.4258465015566757,0.20434782608695654,0.25082978723404253,0.13012800680589048,84.58275664893615,92.87852580450253,18.438765713801,2.385259174146673,0.3418478260869565,0.03848966613672496,0.021937734651448014,229.10018839427664,124.62767663245248,134.23986088393227,0.995438049624009,0.1426630434782609,0.018622857142857146,0.009617971839890424,51.796638095238094,47.254050632345404,32.20830356960213,0.8373341141159512,3.095560750903349,0,0,20,baseline
wrk\Subject_20_DVEH_0_rmexp.csv,1.882799873369212,0.41697416974169743,0.2893185840707964,0.38392044404244396,16.453840707964602,49.111153609357245,3.270962254916955,1.2663078794341602,0.28044280442804426,0.32284210526315793,0.21865179315111835,30.67530263157895,112.31376671101505,6.19022619823932,1.1663362047419896,0.25830258302583026,0.03105714285714285,0.02373778525851963,93.60695714285714,100.1763706099591,58.21896504139836,0.1999433493843411,0.04428044280442804,0.021583333333333333,0.010475831974385404,21.62816666666667,19.59262880878645,12.894274131274132,0.9719417369583334,4.518121083958333,5,1,20,DVEH
wrk\Subject_20_DVEH_1_rmexp.csv,2.2830669755195228,0.3903133903133903,0.16981021897810222,0.2340490164161206,69.05010218978103,146.1358770747222,12.242922971114165,1.416501408169047,0.24216524216524216,0.35422352941176466,0.2384797131078739,83.64338823529411,175.7117182430019,10.230224085821515,1.8664489142933325,0.31908831908831914,0.04035714285714286,0.043301859318142025,123.27933035714285,135.6774868345485,92.06451393805308,0.2833002816338094,0.04843304843304844,0.01964705882352941,0.00929858418363082,67.16117647058823,126.85494650711023,42.51041616766468,0.94574910140035,4.438647854130199,5,1,20,DVEH
wrk\Subject_20_DVEH_2_rmexp.csv,1.8997783591914275,0.3106267029972752,0.1136578947368421,0.13037313716334928,113.1911052631579,163.7144658502664,27.363998765146253,1.6831369673538086,0.27520435967302453,0.3744752475247525,0.3630709390918771,106.74347524752476,150.77787052328506,15.743557770609694,2.183078640825237,0.3569482288828338,0.03227480916030534,0.025111371298179447,165.21014503816795,142.25075561441525,112.62116272469254,0.34995917142999977,0.057220708446866476,0.021380952380952382,0.011581907855321637,56.19314285714286,33.163756636088245,44.64236971046769,0.9163955463865968,4.310173345294658,5,1,20,DVEH
wrk\Subject_20_DVEH_3_rmexp.csv,2.06625341598347,0.3522727272727273,0.11076612903225806,0.1198914905150438,105.94157258064514,188.51713235325946,24.11612034947215,1.5163633939878691,0.2585227272727273,0.4181758241758242,0.40930363251668517,83.45456043956045,131.46538232079135,12.227256819256844,1.9996000799840032,0.3409090909090909,0.03413333333333334,0.03241114348834706,133.85319166666667,105.49555267705964,87.46186523437497,0.2832766779977338,0.048295454545454544,0.02335294117647059,0.009266899833598699,78.87682352941177,44.88098004360801,56.85934256926952,0.916982240206701,4.239919692990498,5,1,20,DVEH
wrk\Subject_20_DVEH_4_rmexp.csv,2.1995600879824035,0.3482849604221636,0.10196969696969697,0.08677417045114248,93.44461363636364,160.7754962070745,22.612156983655275,1.6496700659868027,0.2612137203166227,0.3756969696969697,0.28759832590181106,89.9339797979798,137.97456178959183,11.555666935527237,2.1329067519829366,0.33773087071240104,0.03957031250000001,0.0355878498388473,162.5863125,146.09397408724794,116.02021954590322,0.3332666799973339,0.052770448548812667,0.017900000000000006,0.010333924714260308,57.689949999999996,49.291835412647195,37.30968715083798,0.9166752047007836,4.281476291673613,5,1,20,DVEH
wrk\Subject_20_DVE_0_rmexp.csv,1.8494759818051554,0.3135593220338983,0.09142342342342342,0.11335422829769014,171.82031531531524,200.1199527546471,47.71428754434371,1.5495609577286436,0.2627118644067797,0.43946236559139773,0.43801761537562645,189.40359139784954,209.2608010473876,23.174181257646197,2.066081276971525,0.3502824858757062,0.02707258064516129,0.01842122434159837,230.01282258064515,131.97718789575623,152.1539714030384,0.43321059033273907,0.07344632768361582,0.021961538461538463,0.00802151323356217,152.30380769230769,110.10296929344025,89.62133099824868,0.8981403678223185,4.27638185652971,6,2,20,DVE
wrk\Subject_20_DVE_1_rmexp.csv,1.1831952938823802,0.221875,0.0849154929577465,0.08395517692077867,167.5394929577465,180.05835043125492,43.85570194062032,1.53315446531238,0.2875,0.4642173913043478,0.28511053638617445,230.9875652173913,196.56006105792085,32.02660564765384,1.8997783591914277,0.35624999999999996,0.03192105263157895,0.029855836285314057,311.807850877193,150.8836758584754,194.81761253091506,0.7165830653090471,0.134375,0.024534883720930226,0.009289526078004252,192.53583720930234,147.3660202574134,111.02540853080573,0.8866098238726348,4.097077872843211,6,2,20,DVE
wrk\Subject_20_DVE_2_rmexp.csv,0.9504435403188154,0.18210862619808307,0.07868421052631576,0.04530332774839488,181.37914035087718,204.11290381382955,57.346200891861784,1.5840725671980258,0.3035143769968051,0.468221052631579,0.33056876596325746,204.43077894736845,147.98274112727,33.711472493873785,2.16767824984993,0.41533546325878595,0.038638461538461545,0.025721587415468695,406.1286923076923,167.3929978264345,244.7768646227354,0.5169078903488294,0.09904153354632587,0.023870967741935492,0.010754569727851392,235.16509677419356,194.24005841697368,135.16751216216213,0.8797064316969495,4.265110475495916,6,2,20,DVE
wrk\Subject_20_DVE_3_rmexp.csv,1.79949014445907,0.3,0.09582407407407409,0.0973102930020389,167.6915648148148,213.54637200089772,43.85325490385543,1.6162087408567574,0.26944444444444443,0.4087422680412371,0.32382107438122787,177.2497216494845,179.47049807409508,22.659778273809525,2.1327290600996385,0.35555555555555557,0.03216406250000001,0.028292771090794443,230.4335078125,169.4256553895301,152.1172931746417,0.4498725361147675,0.07499999999999998,0.024962962962962968,0.01006821725174114,120.6568148148148,74.35063775164822,82.4733412462908,0.8938267953579465,4.268509868780732,6,2,20,DVE
wrk\Subject_20_DVE_4_rmexp.csv,1.8161520902410984,0.30532212885154064,0.10002752293577982,0.11722787803793515,142.20156880733947,186.67071196517335,35.861035769971565,1.732842361330956,0.2913165266106443,0.385875,0.2904064024875644,159.8837692307692,173.95946551469478,21.465926166803715,2.11606711431761,0.3557422969187675,0.032267716535433075,0.025727355709315784,216.541842519685,170.37571763510192,152.6677213274768,0.2832530782944832,0.047619047619047616,0.02523529411764706,0.010120040756513526,134.2581176470588,113.11724722859198,73.9783543123543,0.9159646235102924,4.145714024418702,6,2,20,DVE
wrk\Subject_20_GVEH_0_rmexp.csv,1.8998100189981002,0.33043478260869563,0.09367543859649122,0.06994214346032854,88.98755263157895,140.52006002778444,25.27331135874146,1.4831850148318502,0.2579710144927536,0.4621685393258426,0.40955907329205143,101.76748314606745,159.6788312243394,11.983189993435928,1.8664800186648003,0.3246376811594203,0.028348214285714293,0.025049846670983752,144.8066517857143,137.78047782139257,119.42001606299212,0.4999500049995001,0.08695652173913043,0.023666666666666673,0.008692269873603532,66.91263333333332,48.940025972260734,41.39542957746477,0.9129401380345086,3.5653638154121863,4,1,20,GVEH
wrk\Subject_20_GVEH_1_rmexp.csv,1.9831350198313502,0.38636363636363635,0.2635882352941176,0.3880777322240305,38.371991596638665,80.27312502430684,6.118799215736284,1.0498950104989502,0.20454545454545456,0.36509523809523803,0.26255718737827566,39.24766666666667,98.98723556352067,6.640643276379291,1.6165050161650503,0.31493506493506496,0.02818556701030928,0.02733576257213522,80.13594845360825,91.51227763759366,51.67743891733723,0.48328500483285003,0.09415584415584416,0.0213448275862069,0.008836740942650455,23.660482758620688,18.480320632053324,13.333781906300482,0.9157951715845628,3.4235738042427277,4,1,20,GVEH
wrk\Subject_20_GVEH_2_rmexp.csv,2.0999300023332554,0.3888888888888889,0.21930952380952382,0.2690083041228929,59.44501587301587,119.91075039067063,8.76208164151558,1.0666311122962568,0.19753086419753085,0.410625,0.285638675821395,48.011046875,90.00911224503011,8.090399619482495,1.7499416686110463,0.32407407407407407,0.031266666666666665,0.028167954323905932,88.84295238095238,81.23348369007884,54.4521748400853,0.4833172227592413,0.08950617283950617,0.016379310344827588,0.008739185605170376,27.37986206896551,55.63075925627162,15.546050526315788,0.927194565105035,3.4875146317522505,4,1,20,GVEH
wrk\Subject_20_GVEH_3_rmexp.csv,2.332866759981337,0.38997214484679665,0.17342142857142856,0.23109654963911086,90.57871428571428,149.77554349942096,16.135855718934057,1.1164433779910685,0.18662952646239556,0.40395522388059696,0.32616278477809757,83.62398507462686,131.0997684629139,12.111974025494181,2.11624341798307,0.3537604456824513,0.03200787401574804,0.027128012678007647,130.20980314960633,124.65025159454471,88.39010479704795,0.4165833499966673,0.06963788300835655,0.019880000000000002,0.00944593034062818,43.98952,62.69211434502429,24.653068410462776,0.9205367498749792,3.399765173695616,4,1,20,GVEH
wrk\Subject_20_GVEH_4_rmexp.csv,2.2163342165341864,0.35,0.09833082706766917,0.11562102482039746,139.0236090225564,163.47913739738476,38.62193110567365,1.5497675348697695,0.24473684210526317,0.40232258064516135,0.4303540967969277,157.71175268817206,173.22557820930948,20.36790613641223,2.2496625506174075,0.35526315789473684,0.025785185185185185,0.020058206110545224,167.93597037037037,133.21780552318802,119.39370439528872,0.31661917379059806,0.049999999999999996,0.02078947368421053,0.010319011312128397,111.8825263157895,79.31931218440565,69.04118987341771,0.8977336645690948,3.4866260458826472,4,1,20,GVEH
wrk\Subject_20_GVE_0_rmexp.csv,1.9329467439845365,0.2997416020671835,0.10871551724137932,0.12439895539771549,104.80036206896551,156.34265668701912,25.371948378399807,1.7663134039858694,0.2739018087855297,0.3574905660377359,0.2807956097222715,145.90724528301885,170.86442198834587,20.039136749881248,2.2328867559821366,0.34625322997416025,0.03466417910447761,0.029467904126012454,227.3434253731343,192.1472847305396,156.4591575888052,0.5165633539958675,0.08010335917312662,0.024258064516129038,0.01076723746861353,122.66432258064518,155.89994387393452,72.56954920212765,0.9138026785297548,3.572365918278046,4,1,20,GVE
wrk\Subject_20_GVE_1_rmexp.csv,1.9995001249687578,0.297029702970297,0.12063333333333334,0.14731824583382588,120.46323333333335,170.24796432580007,29.56342877866814,1.5662750978921935,0.23267326732673269,0.37555319148936167,0.3523082432111052,153.40159574468086,165.63106315751173,21.5799203444564,2.366075147879697,0.35148514851485146,0.03762676056338028,0.03556775109105247,215.149661971831,168.17742464294554,146.2933374508703,0.7998000499875031,0.1188118811881188,0.025020833333333336,0.009982254219641752,97.29202083333332,74.37086337641733,62.95925978351373,0.911103241936828,3.4575295638803234,4,1,20,GVE
wrk\Subject_20_GVE_2_rmexp.csv,2.0499658339027684,0.3052109181141439,0.09739837398373982,0.0914204741115849,142.42070731707315,152.98311381313664,41.10246661101837,1.733304444925918,0.25806451612903225,0.3584519230769231,0.31903254836987827,194.15182692307692,179.07461097378476,26.50523809651546,2.283295278412026,0.3399503722084367,0.029948905109489055,0.03350984628540227,224.71630656934306,132.5043206400666,152.6513346331952,0.6499891668472193,0.09677419354838711,0.021025641025641032,0.00968606500898672,122.43633333333332,76.33351478379508,73.07606097560974,0.8898193752917638,3.400690421973992,4,1,20,GVE
wrk\Subject_20_GVE_3_rmexp.csv,1.6498350164983502,0.27808988764044945,0.07566666666666667,0.04351291460444517,219.40207070707072,197.84239390868748,70.77210532639165,1.6498350164983502,0.27808988764044945,0.4153535353535353,0.3612747160642428,239.97285858585857,175.4384545833845,30.212738521400773,2.24977502249775,0.3792134831460674,0.02408888888888889,0.024696518473083573,286.3824962962963,177.26646006297244,201.35751599015992,0.38329500383295007,0.0646067415730337,0.024782608695652183,0.010962213842337771,193.5228260869565,116.29253011400854,114.01690877192979,0.8885934077269317,3.461838625989831,4,1,20,GVE
wrk\Subject_20_GVE_4_rmexp.csv,1.8830508757019782,0.29894179894179895,0.10827433628318586,0.15308562285676744,140.9319203539823,163.50068037059822,37.31606554965263,1.716409205285874,0.2724867724867725,0.3685242718446602,0.36047209726416163,181.5263495145631,163.36651681821073,25.382531350439958,2.2496625506174075,0.35714285714285715,0.026785185185185183,0.023367082001439603,218.63491851851853,124.30593804916259,161.36625470132748,0.44993251012348157,0.07142857142857142,0.022666666666666672,0.009649409884086755,137.21303703703703,117.2029208217388,82.0722156862745,0.8673952572095349,3.4795515773462244,4,1,20,GVE
wrk\Subject_21_baseline_rmexp.csv,3.268500507298516,0.37094281298299847,0.16516666666666666,0.18820783798178486,72.85536180555556,97.15431435761136,13.18242143037336,1.2324970662938155,0.13987635239567234,0.2507845303867403,0.16094320166494874,80.70855801104973,107.82610078911672,14.8092988412055,3.08010776972506,0.34956208140133954,0.024770081061164333,0.013940664483006883,177.4997781871776,141.83268255362316,112.49715125100408,1.2302272742748581,0.13961875321998968,0.01846678966789668,0.009753691912805642,90.98478413284133,85.97233368955997,49.99427245479069,0.8480805144696358,4.530709727415674,0,0,21,baseline
wrk\Subject_21_DVEH_0_rmexp.csv,2.7325591082526617,0.4049382716049383,0.1911646341463415,0.19838910023164025,25.620195121951223,19.941281084503967,6.5330237631973445,1.4329273372544444,0.2123456790123457,0.2874651162790698,0.1757602554270367,25.609813953488366,11.582646541081155,7.420522409190195,1.8661379275871837,0.27654320987654324,0.024428571428571435,0.015772214654322984,95.38903571428571,78.38961072777626,58.01141995614034,0.7164636686272222,0.10617283950617283,0.019395348837209305,0.01138775257016251,60.731023255813966,57.40310017901689,28.702179856115105,0.9048977617718142,7.364347507000583,5,1,21,DVEH
wrk\Subject_21_DVEH_1_rmexp.csv,1.8661690215942417,0.4132841328413284,0.4260089285714285,0.48105667722836454,17.420366071428568,10.848486941073144,3.568851948106386,0.6831511596907491,0.15129151291512916,0.22007317073170735,0.12833063057432936,29.66690243902438,86.69035900029621,6.757929513465587,1.3996267661956812,0.30996309963099633,0.029476190476190472,0.015401357539481929,58.41609523809523,58.67204542231802,32.91678352180937,0.5665155958411091,0.12546125461254612,0.020029411764705882,0.0109181050233563,28.14641176470588,20.05579394078319,16.232105726872245,0.9435626597216435,7.434513234019501,5,1,21,DVEH
wrk\Subject_21_DVEH_2_rmexp.csv,2.432846763980537,0.42318840579710143,0.32417123287671235,0.5795408120840868,31.2545,58.969633232875566,4.690955333939022,0.6165433579950677,0.1072463768115942,0.22594594594594594,0.1140059140111187,30.313216216216208,81.29642781525409,5.44918480861244,1.9996000799840032,0.3478260869565218,0.022808333333333337,0.014914923082455223,71.88624999999999,98.14214049447617,50.864499451954686,0.6998600279944012,0.1217391304347826,0.020690476190476193,0.012254227832598946,32.67819047619048,17.386258320647666,18.801634062140387,0.9304619433655608,7.088658934822471,5,1,21,DVEH
wrk\Subject_21_DVEH_3_rmexp.csv,1.9997666938857135,0.41237113402061853,0.36633333333333334,0.48950264441460256,23.640258333333335,28.368508388262686,4.784913262056414,0.9998833469428567,0.20618556701030927,0.21758333333333332,0.1677555057881029,20.2926,10.326296162710035,6.2802094982765215,1.2665189061276185,0.2611683848797251,0.024842105263157895,0.010780162863210404,60.003973684210536,39.254927853902586,36.96335381355933,0.5832652857166665,0.12027491408934707,0.021742857142857147,0.011246187562631061,34.471599999999995,42.24786244614716,20.00514586070959,0.9784701862393732,7.279461287047842,5,1,21,DVEH
wrk\Subject_21_DVEH_4_rmexp.csv,2.2993485179199227,0.40828402366863903,0.2811086956521739,0.3712915508350373,33.336246376811594,90.0411935202327,5.60445701544093,0.9330689637935917,0.16568047337278108,0.2996964285714286,0.19225883962984983,41.76142857142857,121.13329950113061,6.893678543764523,1.8661379275871837,0.33136094674556216,0.025303571428571432,0.0127411308688172,73.88529464285715,99.08299761848635,44.47842025405786,0.5331822650249096,0.09467455621301776,0.02534375,0.009809464100423632,39.045125,34.299591291068985,20.109150431565965,0.9689408150679224,7.402228587507293,5,1,21,DVEH
wrk\Subject_21_DVE_0_rmexp.csv,3.132967820420951,0.34814814814814815,0.13086170212765955,0.10870872668133515,74.27913829787234,84.68189935433351,16.379922282741244,1.716466412251904,0.19074074074074074,0.28808737864077677,0.2031327992042298,72.40633009708739,70.0008446708245,14.84174249317561,2.716349759194761,0.3018518518518518,0.024533742331288345,0.015128602986602726,206.82634355828222,154.47859655237013,130.71940335083767,1.4331661306180945,0.15925925925925924,0.01697674418604651,0.009507618419158748,125.88072093023258,122.31489855274636,67.69201575342466,0.7961205021255314,7.371370439318163,7,2,21,DVE
wrk\Subject_21_DVE_1_rmexp.csv,3.783837845046006,0.3667205169628433,0.1577136563876652,0.13999600981829777,56.08531718061675,53.92689946197737,11.460213122538477,1.3001733564475264,0.1260096930533118,0.22278205128205128,0.08938732306092052,54.37523076923077,63.7487138675539,11.736732174713703,3.3337778370449396,0.32310177705977383,0.025530000000000004,0.012880570639533018,167.01216,110.81810590857616,90.17879945162552,1.9002533671156154,0.1841680129240711,0.015912280701754388,0.010077386011932223,96.53432456140351,67.58218036966154,50.282642227122395,0.9067077203884304,7.216514435150455,7,2,21,DVE
wrk\Subject_21_DVE_2_rmexp.csv,3.2160234619742716,0.3587360594795539,0.12969430051813471,0.11302081434535821,76.04983937823836,102.10197612937482,16.391771243657868,1.682996733986536,0.18773234200743494,0.2826534653465347,0.1997865908761946,70.2810693069307,79.90064601942795,13.168509737985149,2.699460107978404,0.3011152416356877,0.028259259259259255,0.01916998539884796,228.2031913580247,151.47814277719678,132.51594517256447,1.3663933879890688,0.1524163568773234,0.018036585365853657,0.010359919391756303,135.45778048780494,92.47811285182425,74.72959432048683,0.9090135406734456,7.155036743165528,7,2,21,DVE
wrk\Subject_21_DVE_3_rmexp.csv,3.76622727348476,0.34087481146304677,0.12070353982300884,0.09350275981843714,76.5174203539823,80.30975736597459,16.888700502217826,1.8164547469461894,0.16440422322775264,0.2363211009174312,0.13624794456720432,101.49088990825686,97.07467355468854,19.25918195582127,3.5495858816471406,0.3212669683257918,0.02370892018779343,0.011041950109210207,209.12862441314553,123.26135533649405,118.93195366336631,1.916443081640475,0.17345399698340874,0.017295652173913045,0.009989537059425013,114.03672173913043,85.15558344435588,55.2257435897436,0.9759446404934567,7.499406354588648,7,2,21,DVE
wrk\Subject_21_DVE_4_rmexp.csv,2.9991502407651165,0.3930131004366812,0.18323888888888892,0.1979921537134711,49.03476111111111,62.19246709399279,8.509428311554435,1.3662795541263308,0.17903930131004367,0.27449999999999997,0.1475315799182356,30.53320731707317,32.277743175912875,7.353000399840066,2.382658246830065,0.31222707423580787,0.02516783216783217,0.01630306763102032,139.86388811188812,110.67767875086552,84.00244595721033,0.8830831264475066,0.11572052401746724,0.018094339622641512,0.010246516482961411,77.69730188679246,74.59673239380794,40.14172471324296,0.9497492453954496,7.442891642803566,7,2,21,DVE
wrk\Subject_21_GVEH_0_rmexp.csv,3.166297265319046,0.37109375,0.1948526315789474,0.16716713781948594,47.53037368421053,74.5798469038551,8.83352403976014,1.1665305714333327,0.13671875,0.23080000000000003,0.09851056506066458,54.01375714285714,57.60333792819295,10.140867912849714,2.683020314296665,0.314453125,0.02650931677018633,0.01766356323035713,135.10170807453417,105.3379425315995,75.83224835988757,1.5164897428633324,0.177734375,0.015714285714285712,0.009340077551370765,81.65854945054944,58.90342602664233,41.58481958041959,0.846854682378928,5.42097453575894,4,1,21,GVEH
wrk\Subject_21_GVEH_1_rmexp.csv,3.532626807971739,0.3648881239242685,0.15687264150943397,0.1353733056884644,62.92168396226415,90.48798868472392,11.699475659259704,1.349730053989202,0.13941480206540446,0.23255555555555554,0.10200350998560155,55.03492592592593,61.16435955438606,10.401623294579815,3.0660534559754717,0.31669535283993117,0.024358695652173915,0.012885432895614038,155.68914673913042,102.53686567080445,91.83947233377955,1.732986735986136,0.17900172117039587,0.018038461538461538,0.010445760160248932,92.29201923076923,61.3774298983161,45.72395202558635,0.8848196993248875,5.535364521586931,4,1,21,GVEH
wrk\Subject_21_GVEH_2_rmexp.csv,3.9485521975275732,0.35585585585585583,0.1392700421940928,0.11771908773558264,79.02156540084387,74.35433920440826,15.745741600266612,1.4328079704108494,0.12912912912912913,0.21987209302325575,0.1317103761086765,89.97530232558138,76.74998862496238,17.704893013908723,3.665322715004498,0.3303303303303303,0.023927272727272724,0.011293368199490186,195.73534545454544,117.40093349268304,111.48821637537995,2.049248608843424,0.18468468468468469,0.0186829268292683,0.011287317203173329,118.06313821138212,82.11712823442319,58.96681505657091,0.919524652125,5.503746279541668,4,1,21,GVEH
wrk\Subject_21_GVEH_3_rmexp.csv,3.3993201359728054,0.3493150684931507,0.14117156862745098,0.11870785103580726,61.407362745098034,73.6595637633009,12.662844612660164,1.4830367259881356,0.1523972602739726,0.2667528089887641,0.14094721945425126,86.04797752808989,94.33414087168809,15.000002569394717,3.2326867959741383,0.3321917808219178,0.02431958762886598,0.010623399956420438,177.52408247422684,126.79060186907819,104.87798919033489,1.6163433979870694,0.1660958904109589,0.017072164948453608,0.010171972228842271,99.67115463917527,78.34790724056442,48.45297946859904,0.9307090832222036,5.884998730746791,4,1,21,GVEH
wrk\Subject_21_GVEH_4_rmexp.csv,3.6656280720462533,0.361247947454844,0.14460454545454546,0.11920407626218435,60.094322727272726,66.28245811676263,11.719755885958572,1.5162370661645865,0.14942528735632185,0.22693406593406593,0.10770062313713658,61.13791208791208,60.723150517784056,11.935847319742386,3.2157555359314864,0.3169129720853859,0.023808290155440413,0.010967664847448854,165.25662176165804,94.40810049807624,92.89159847660501,1.7495043071129843,0.17241379310344826,0.018495238095238096,0.010322535503887838,90.3312857142857,71.0917667848045,44.26984191555097,0.8636031914902482,5.492878490040007,4,1,21,GVEH
wrk\Subject_21_GVE_0_rmexp.csv,3.2832238925369155,0.33220910623946037,0.12253299492385784,0.09122830833290858,116.63846700507614,155.30198552103843,25.43641265172543,1.6832772240925302,0.1703204047217538,0.2801188118811881,0.19096924676625177,174.77829702970294,187.60955347149348,27.67897313728262,3.283223892536915,0.33220910623946037,0.026634517766497463,0.016397611141974005,307.8247258883249,198.9799086503038,194.07087631027255,1.633278890703643,0.16526138279932548,0.01788775510204082,0.01062907319578003,159.22698979591837,116.5790582991133,79.56817855105534,0.8276596314188063,6.308162945981994,6,2,21,GVE
wrk\Subject_21_GVE_1_rmexp.csv,3.0824599696752584,0.34774436090225563,0.13300540540540542,0.11338661426776055,85.19986486486486,102.37967048989547,17.661206860115417,1.6162087408567571,0.18233082706766918,0.29501030927835054,0.24953277969265172,115.6653298969072,178.57258093794695,17.466694890970086,2.9158405118549746,0.32894736842105265,0.028560000000000002,0.01683382988423694,279.39360000000005,195.58528937191863,159.57037394957982,1.2496459336521317,0.14097744360902253,0.018706666666666663,0.01105956398577971,134.05669333333336,116.98035597654544,73.3477305773343,0.9304489169514129,6.154300253187765,6,2,21,GVE
wrk\Subject_21_GVE_2_rmexp.csv,3.6492701459708057,0.33588957055214724,0.11777168949771691,0.07712199268427318,113.35926484018265,131.83239805843834,24.26465989454094,1.5996800639872026,0.147239263803681,0.2694479166666667,0.1738887856859274,151.30760416666666,155.39898176746252,25.452303823404336,3.7159234819702727,0.34202453987730064,0.02485201793721973,0.01274026782210839,277.3787130044843,173.26389100097157,162.05818910140744,1.899620075984803,0.17484662576687116,0.01903508771929825,0.010967999565371506,148.51181578947367,106.62595719556086,73.7599797235023,0.9394030530088348,5.742734831430239,6,2,21,GVE
wrk\Subject_21_GVE_3_rmexp.csv,3.3329444898095217,0.36036036036036034,0.13295,0.11352663784328328,83.26473,100.55243755457697,17.79826359533659,1.5498191877614278,0.16756756756756758,0.28384946236559133,0.18316529618221186,79.61031182795699,101.7595546632765,15.54632828244564,2.9163264285833317,0.3153153153153153,0.02828,0.015695182154315472,272.44538857142857,171.32712524797327,160.0420587997575,1.4498308530671422,0.15675675675675674,0.01833333333333333,0.010251623551448475,128.80749425287357,94.79959924558506,66.76297680250785,0.9200810774360256,6.01432495494707,6,2,21,GVE
wrk\Subject_21_GVE_4_rmexp.csv,3.193408011648493,0.36007462686567165,0.13842487046632124,0.12193494317018345,74.6893937823834,78.66287832855481,17.358978963916755,1.7373463275807866,0.1958955223880597,0.26676190476190476,0.15683868107736104,82.85993333333333,101.44755074470905,15.762671831488753,2.614292569121564,0.2947761194029851,0.02612025316455696,0.015363262771100493,264.25666455696205,195.77414683366842,161.07221080688151,1.3236924400615515,0.1492537313432836,0.015075,0.009478627274030772,122.3473625,85.1002991892866,64.01425538971807,0.9315923587271372,5.86822993768104,6,2,21,GVE
wrk\Subject_9_baseline_rmexp.csv,2.7010681410155675,0.350296442687747,0.15066960507757404,0.17143692419492973,75.6367581100141,117.4212914252879,13.793037212818193,1.298150873132658,0.16835474308300397,0.28975201760821717,0.22558215579023447,82.15795597945707,123.48035787846624,14.52701285031347,2.6677333790495785,0.3459733201581028,0.03495251695822921,0.026272503553501355,206.6583921428571,154.97982502965556,,1.0438542604206849,0.13537549407114624,0.020482664233576642,0.01039114896647456,69.6437700729927,72.55262521699535,40.53511871352845,0.7365811149902566,3.6154259879266073,0,0,9,baseline
wrk\Subject_9_DVEH_0_rmexp.csv,2.484492763289535,0.3973333333333333,0.15271812080536915,0.1517874299796407,26.36622147651007,24.51262415965616,6.198592529114479,1.4340025345161076,0.22933333333333333,0.40036046511627893,0.325770461092951,21.716732558139533,11.161954635678288,5.755332229676745,1.734142599879944,0.2773333333333333,0.019086538461538464,0.012739332322290344,77.1410576923077,113.04432462966658,62.13866549118388,0.600280130727673,0.096,0.023083333333333334,0.01034240193464641,51.35191666666667,41.14408697044989,23.396173285198554,0.8941202232276897,5.440160824478732,6,2,9,DVEH
wrk\Subject_9_DVEH_1_rmexp.csv,2.434469419062229,0.42196531791907516,0.21405479452054796,0.27123820044588515,63.60757534246576,118.46684744946235,9.579189139895046,1.467351430667645,0.2543352601156069,0.290625,0.18116230245154608,29.397204545454542,42.125873950243424,6.9113555034213086,1.3839791902888015,0.23988439306358383,0.027289156626506026,0.026433608636616028,155.9584096385542,174.308812010555,126.48086666666667,0.483558994197292,0.08381502890173409,0.020103448275862072,0.009788609945294466,79.85493103448276,66.07899358679367,40.330608919382506,0.8451025796914096,4.601895649833194,6,2,9,DVEH
wrk\Subject_9_DVEH_2_rmexp.csv,2.80130727672914,0.4019138755980861,0.1896904761904762,0.3134561933466817,27.17749404761905,22.00156200055465,5.732786337391741,1.4173280864403388,0.20334928229665072,0.2797294117647059,0.18481166173003988,23.200364705882354,19.019593795901827,6.258023510114816,2.000933769092243,0.28708133971291866,0.02809166666666667,0.034906540894540414,84.87173333333334,122.09617178661073,92.86252981311182,0.7503501634095912,0.1076555023923445,0.022044444444444446,0.009727293915245919,43.11002222222222,29.390018978095938,22.717989919354842,0.8239122910341952,5.01079750675563,6,2,9,DVEH
wrk\Subject_9_DVEH_3_rmexp.csv,2.50075022506752,0.40214477211796246,0.18964666666666669,0.20460909516006912,36.24775333333333,76.73661349246844,6.878026224206417,1.333733453369344,0.21447721179624665,0.3408875,0.27232471397901076,28.350412499999997,40.119633881895574,6.768583183601628,1.833883498382848,0.2949061662198391,0.026863636363636364,0.02611042190833777,121.3448090909091,168.6527699925876,118.2712138747885,0.5501650495148545,0.08847184986595175,0.023939393939393944,0.009844054947759523,40.60848484848485,33.40337901082284,23.061307594936707,0.8980264760673782,4.652667289568045,6,2,9,DVEH
wrk\Subject_9_DVEH_4_rmexp.csv,2.537054346374683,0.4053333333333333,0.2093092105263158,0.20388000319952884,31.096375000000002,43.14332431403443,6.3506269055476965,1.4688209373748164,0.23466666666666666,0.2621818181818182,0.1336314083806091,34.432443181818186,40.23122115428456,7.820206310679612,1.6023501134997997,0.256,0.031427083333333335,0.03488604806833799,123.66636458333333,166.03583962318947,111.58725058004639,0.6509547336092936,0.104,0.02492307692307693,0.009675198574480078,66.60356410256409,81.35208528863899,42.01196913580246,0.8640073086419753,4.341844508425092,6,2,9,DVEH
wrk\Subject_9_DVE_0_rmexp.csv,2.300394593233146,0.3682795698924731,0.19745255474452555,0.2022565029966211,49.71683211678833,80.96292226517235,8.521908136482939,1.4776257241205608,0.23655913978494625,0.287875,0.18324448475515387,64.76322727272726,108.72191295349124,10.689732759641576,1.7798673495088575,0.28494623655913975,0.029726415094339625,0.025988942866138183,173.38720754716982,173.9754420176593,108.8935750555379,0.6884392578288976,0.11021505376344086,0.022463414634146344,0.010053752026168554,89.56582926829269,81.11647691268986,44.88732356134636,0.8507844029608007,4.769271654753961,8,2,9,DVE
wrk\Subject_9_DVE_1_rmexp.csv,3.168937738712744,0.38934426229508196,0.15520526315789476,0.2104070865668795,59.838689473684205,83.244282198355,10.776132320526298,1.2508964758076622,0.15368852459016394,0.31136,0.21322186504515275,60.52790666666669,130.18103497915746,9.601770469338815,2.7519722467768566,0.33811475409836067,0.02833333333333334,0.024660932994548607,159.64886060606062,155.15471837131992,113.90596385026737,0.9673599412912587,0.11885245901639344,0.02170689655172414,0.011728257389872187,73.9568620689655,75.58426485864868,39.46046386020652,0.8774892506048219,4.541824885417536,8,2,9,DVE
wrk\Subject_9_DVE_2_rmexp.csv,2.7510545709188525,0.36026200873362446,0.11990909090909094,0.09284701122337191,48.57724848484848,53.466316125020995,11.352765125094768,1.7006519165680178,0.22270742358078602,0.34114705882352947,0.27229267691789694,43.0465588235294,48.528511020978236,9.3945501048941,2.417593410807476,0.3165938864628821,0.029455172413793102,0.022753545933688675,174.21695862068967,142.2401122022014,120.4306394287052,0.7669606682561649,0.10043668122270741,0.02117391304347826,0.01036151816101937,97.63034782608693,102.34281080424653,57.66366940451746,0.9085498199065966,4.763869822116588,8,2,9,DVE
wrk\Subject_9_DVE_3_rmexp.csv,2.668356625863047,0.37209302325581395,0.150575,0.2466067099147953,102.60704375,120.6545775378698,16.617529055288063,1.3508555418431674,0.1883720930232558,0.3229506172839506,0.21791469059281474,75.68175308641975,84.60514939039545,12.848770786345046,2.3681665054534538,0.3302325581395349,0.027788732394366196,0.022123797328947193,235.46690845070427,187.46146316554683,142.49602939685758,0.78382975884727,0.10930232558139535,0.023361702127659572,0.01187062444702619,127.48085106382979,110.65054481833718,63.13883515482696,0.8294969201701701,4.247415857732733,8,2,9,DVE
wrk\Subject_9_DVE_4_rmexp.csv,2.8849200393549785,0.38963963963963966,0.1508034682080925,0.16481791175177019,77.72000578034682,120.17854764900052,14.065122005442905,1.2006603631997599,0.16216216216216217,0.360875,0.2566486431712949,40.142611111111115,64.7189387590585,8.549819843743986,2.4680240799106175,0.33333333333333337,0.03285135135135135,0.02891421722325038,171.03808783783782,153.88220978309602,101.07011415055531,0.8504677572664966,0.11486486486486487,0.022058823529411766,0.011340387247781377,75.36960784313726,80.53169264968098,40.035128,0.875054226457586,4.251416722495621,8,2,9,DVE
wrk\Subject_9_GVEH_0_rmexp.csv,2.8687225845189053,0.3405940594059406,0.09607558139534883,0.08130927238528685,128.75473837209304,98.73223966839487,34.09376,1.8346481645179045,0.21782178217821782,0.3369636363636364,0.2756018184157165,154.43719999999996,129.8161878520969,30.913015728700152,2.8854012041963406,0.34257425742574255,0.020184971098265895,0.017210038898038467,257.16587861271677,121.28920745873444,174.79630154639173,0.8339309838717748,0.09900990099009901,0.021400000000000002,0.009635351576356725,143.4201,98.18835279853717,84.76661121495326,0.8435185475137661,3.8882121942683128,6,2,9,GVEH
wrk\Subject_9_GVEH_1_rmexp.csv,2.6183249391281147,0.35044642857142855,0.0922547770700637,0.12097043406002164,152.44322929936308,130.07225058277098,43.79295339685171,1.5176278309596078,0.203125,0.4050659340659341,0.5694369071785693,127.28339560439564,110.47872504216545,23.8342108732807,2.668356625863047,0.35714285714285715,0.021387499999999997,0.01657143155403298,270.19139375,150.3354459689687,192.03765751022797,0.6670891564657616,0.08928571428571427,0.022275,0.00971593407758616,132.46585,80.6733161936306,70.352189674523,0.6947260997330442,3.4536741044047723,6,2,9,GVEH
wrk\Subject_9_GVEH_2_rmexp.csv,2.801587566287563,0.3826879271070615,0.10448214285714286,0.08893356088986329,182.22598214285713,149.32852751262558,43.25740357773599,1.2673848514158024,0.17312072892938496,0.33786842105263154,0.2628335145509247,116.62664473684211,86.61901372658254,26.959377677389206,2.5347697028316043,0.3462414578587699,0.017375,0.016781416923113746,292.37619078947364,165.65225813677364,212.61025293449453,0.7170730080378882,0.0979498861047836,0.019511627906976747,0.009396615157581284,179.72732558139535,134.86221314790075,97.09500953516091,0.6821892209147054,2.991952530587548,6,2,9,GVEH
wrk\Subject_9_GVEH_3_rmexp.csv,1.3674187469775043,0.32669322709163345,0.0972439024390244,0.05660831641384502,234.5817317073171,184.9383687315165,75.14584298971657,0.9671986259109177,0.23107569721115537,0.612051724137931,0.6505427024180973,287.5965862068965,195.5722788832492,75.38574185188315,1.284039555088632,0.30677290836653387,0.023285714285714285,0.019983016908103148,362.8634285714285,210.9663591652463,244.4518538761852,0.5669785048443311,0.13545816733067728,0.021,0.00990840403840272,213.50885294117646,102.50372603848355,122.24302801120446,0.6780694057753296,2.7920211959188785,6,2,9,GVEH
wrk\Subject_9_GVE_0_rmexp.csv,3.1186418064774357,0.3912133891213389,0.14042245989304813,0.2269645502917495,110.96781818181816,126.91333824041203,21.786948703301725,1.3341783129315232,0.16736401673640167,0.3383375,0.20466435594345683,55.48152500000001,54.769571289169086,10.713150626223815,2.685033854774691,0.33682008368200833,0.026621118012422364,0.022393972153509526,199.13101242236024,143.00328398387833,143.34589920671954,0.8338614455822021,0.10460251046025104,0.02152,0.010763345204907257,118.35240000000002,78.17190604993586,62.149190520446105,0.6670762021187855,3.4048575269019024,8,2,9,GVE
wrk\Subject_9_GVE_1_rmexp.csv,2.418198192188386,0.37467700258397935,0.08753103448275862,0.06448320339142202,264.7270689655173,268.67334019200024,84.24718657421998,1.0506654214335747,0.16279069767441862,0.2572222222222222,0.17858415333851196,203.05150793650793,249.64752593860368,34.825215118790496,2.468229878923318,0.38242894056847543,0.027986486486486484,0.022031300364783984,319.9625405405405,173.63898740250497,195.44380878802514,0.5169940962609654,0.08010335917312661,0.018000000000000006,0.009688703099070356,112.72574193548387,108.52036855993907,70.73873655913977,0.8714938053537127,2.0403528535872377,8,2,9,GVE
wrk\Subject_9_GVE_2_rmexp.csv,1.9342682296443279,0.3625,0.09281896551724138,0.0838210942854226,303.3497758620689,259.5103312719237,82.35758317079969,0.9838088409397875,0.184375,0.4400169491525424,0.40447255847607744,309.8879830508474,221.04166578245167,73.71744301066984,1.867569325173834,0.35,0.021455357142857148,0.02126612345998457,428.8366696428571,271.8630030693764,231.06080482729917,0.5502659618815761,0.103125,0.02475757575757576,0.010319238587809644,126.03933333333336,98.86388081681609,71.599517747858,0.8357495868130951,2.027696513821613,8,2,9,GVE
wrk\Subject_9_GVE_3_rmexp.csv,2.7681891707105573,0.35394456289978676,0.09910240963855423,0.10377011371400602,147.03936746987955,203.910158858952,38.87717792231475,1.4674737772441508,0.18763326226012794,0.32952272727272724,0.21466596552830244,86.94379545454545,143.1386469279602,16.99597472239465,2.7681891707105573,0.3539445628997868,0.03190963855421687,0.023732399258569542,236.1226265060241,164.30281184265434,164.65180120823106,0.8171160805109476,0.10447761194029852,0.01955102040816327,0.010315554382779112,72.0644081632653,55.306763148792825,50.60223486430062,0.8148959584480601,2.875824425990822,8,2,9,GVE
wrk\Subject_9_GVE_4_rmexp.csv,2.3539027380465876,0.3070362473347548,0.08107638888888889,0.05281704268577509,224.08225694444445,219.81400511406943,74.93505678800857,1.7654270535349406,0.2302771855010661,0.3698981481481482,0.30033746266167355,168.95278703703704,162.0840280904876,39.080569501113914,2.860645688598283,0.373134328358209,0.02623428571428572,0.01958591247164499,369.2425599999999,180.8901528548689,223.4160370289697,0.6865549652635881,0.08955223880597016,0.01961904761904762,0.009959327719117395,122.71790476190476,83.74309979159605,75.05308737864078,0.6412649172597137,3.209506947157464,8,2,9,GVE
