onset	duration	label	start_x	start_y	end_x	end_y	amp	peak_vel	med_vel	avg_vel
0.015	0.405	FIXA	2076.56582	1173.02161	2075.95843	1170.86463	0.128	33.556	7.068	9.128
0.420	0.028	SACC	2075.47140	1172.27560	2072.97498	1216.42252	1.474	89.200	53.988	55.577
0.448	0.435	FIXA	2073.06104	1216.74115	2071.86538	1227.22560	0.352	23.896	3.619	5.426
0.883	0.253	PURS	2071.87478	1226.91353	2063.25117	1218.84894	0.394	17.347	4.780	5.664
1.135	0.383	FIXA	2063.00519	1219.06795	2064.07676	1219.36457	0.037	15.652	3.208	4.197
1.518	0.408	PURS	2064.13784	1220.11223	2053.69001	1200.09294	0.753	33.464	5.891	8.180
1.926	0.393	FIXA	2053.69354	1200.33682	2056.75371	1199.41317	0.107	13.183	3.197	3.815
2.318	0.038	SACC	2056.74664	1199.46991	2060.65832	1209.07096	0.346	183.278	45.279	65.200
2.356	0.175	FIXA	2060.51596	1208.88314	2070.06547	1212.12513	0.336	62.912	7.103	13.723
2.531	0.023	SACC	2070.11723	1212.35814	2083.60164	1175.77534	1.300	131.041	59.488	68.994
2.553	0.010	HPSO	2084.15301	1175.95382	2082.97765	1181.48224	0.188	74.276	10.298	25.649
2.563	0.273	FIXA	2083.08246	1181.58187	2083.06115	1184.90549	0.111	19.047	5.207	6.294
2.836	0.020	ISAC	2084.46944	1184.89298	2064.90382	1192.12176	0.695	58.450	40.920	38.395
2.856	0.048	FIXA	2063.59144	1192.64983	2054.44440	1190.52491	0.313	23.511	4.720	8.403
2.904	0.025	SACC	2054.27753	1190.43196	2061.70660	1155.71519	1.183	116.516	57.920	63.481
2.929	0.865	FIXA	2061.85312	1156.01110	2070.42295	1168.09277	0.494	24.979	3.615	5.139
3.794	0.025	SACC	2070.46345	1168.45450	2082.34196	1228.82280	2.051	198.544	99.033	107.596
3.819	0.143	FIXA	2082.32181	1228.84252	2079.17784	1238.05815	0.325	21.343	5.507	8.092
3.961	0.030	SACC	2079.22053	1238.41355	2072.38068	1171.48767	2.242	221.090	71.248	99.027
3.991	0.508	FIXA	2072.56105	1171.34010	2071.74588	1179.30690	0.267	14.280	3.892	4.322
4.499	0.178	PURS	2071.69989	1178.53713	2058.50860	1176.99764	0.443	18.980	4.079	5.949
4.677	0.028	SACC	2058.74638	1176.32767	2056.32147	1192.80533	0.555	111.418	44.699	52.440
4.704	0.013	HPSO	2055.95217	1193.69791	2056.80158	1185.27181	0.282	76.112	12.875	25.160
4.717	0.693	FIXA	2056.88732	1184.86265	2064.08017	1174.81444	0.412	22.328	3.153	3.802
5.409	0.020	ISAC	2064.23203	1174.97203	2062.84243	1163.87362	0.373	38.528	24.592	23.407
5.429	0.008	ILPS	2062.95308	1163.60850	2063.57336	1165.15163	0.055	18.541	4.153	8.841
5.437	0.263	FIXA	2063.78966	1165.35673	2067.15076	1174.03394	0.310	17.730	3.031	4.504
5.700	0.020	ISAC	2067.19435	1173.45411	2070.10281	1183.17070	0.338	41.666	22.874	23.606
5.720	0.013	IHPS	2070.11905	1182.90638	2069.09525	1178.21203	0.160	30.742	12.050	13.518
5.732	0.050	FIXA	2069.09231	1178.51179	2069.12120	1177.10413	0.047	5.757	2.398	2.579
5.782	0.038	SACC	2069.15180	1176.66661	2069.69698	1170.62714	0.202	153.251	44.438	52.360
5.820	0.570	FIXA	2069.59109	1170.61622	2089.20884	1175.63105	0.675	45.637	3.367	5.342
6.390	0.020	SACC	2090.60090	1174.65852	2092.91745	1145.92947	0.961	87.701	55.535	54.634
6.410	0.015	HPSO	2093.36814	1146.22159	2096.17106	1154.28242	0.284	55.002	15.111	20.458
6.425	0.045	FIXA	2096.43254	1154.32099	2098.47101	1154.97831	0.071	5.622	3.083	3.188
6.470	0.300	PURS	2098.49941	1154.93230	2074.77326	1141.66594	0.906	55.173	8.288	10.672
6.770	0.068	FIXA	2074.61697	1141.46642	2070.68639	1145.40431	0.185	11.038	5.470	6.018
6.837	0.035	SACC	2071.21298	1146.27849	2081.12946	1192.95068	1.590	217.649	13.408	55.457
6.872	0.013	HPSO	2080.91030	1194.61549	2070.05831	1160.60223	1.190	192.893	84.818	99.687
6.885	0.470	FIXA	2069.28530	1159.07014	2067.68043	1163.06966	0.144	55.611	6.633	9.126
7.355	0.015	SACC	2067.68699	1163.73829	2070.42099	1126.52466	1.244	247.762	106.837	118.536
7.370	0.075	FIXA	2070.53763	1124.41713	2068.81351	1151.25245	0.896	250.190	14.414	30.380
7.445	0.018	ISAC	2068.96270	1152.99118	2072.48576	1137.78399	0.520	78.838	58.546	50.643
7.463	0.145	FIXA	2072.67810	1136.16947	2069.11317	1179.94713	1.464	92.324	6.805	11.777
7.608	0.123	PURS	2069.53822	1177.96459	2072.80308	1160.96765	0.577	28.368	3.859	7.465
7.730	0.040	FIXA	2072.75909	1160.93363	2072.05730	1170.01027	0.303	52.934	15.002	21.771
7.770	0.210	PURS	2072.06203	1169.40315	2068.40539	1133.77453	1.194	47.203	6.528	10.961
7.980	0.235	FIXA	2068.44456	1134.64302	2070.92111	1130.62734	0.157	38.763	5.451	7.460
8.215	0.020	SACC	2071.05391	1130.42705	2056.95986	1148.80771	0.772	77.726	51.110	47.014
8.235	0.015	LPSO	2056.87687	1149.88263	2060.46679	1149.27165	0.121	36.340	8.562	12.461
8.250	0.073	FIXA	2060.45728	1149.45868	2063.09438	1142.20734	0.257	15.409	3.519	4.858
8.323	0.278	PURS	2063.55067	1141.06347	2067.13142	1129.42792	0.406	16.414	2.695	3.637
8.601	0.055	FIXA	2067.04861	1129.19576	2066.28288	1129.06502	0.026	25.432	4.784	8.720
8.656	0.020	ISAC	2066.23018	1128.73653	2065.33305	1111.83367	0.564	51.843	37.673	32.966
8.676	0.005	ILPS	2065.15752	1111.07559	2065.10993	1112.72783	0.055	22.031	16.201	16.201
8.681	0.603	FIXA	2065.20510	1113.24216	2067.72328	1121.00632	0.272	19.491	2.872	3.932
9.283	0.023	ISAC	2067.67839	1121.37698	2067.45469	1139.38819	0.600	58.235	29.983	31.530
9.306	0.018	IHPS	2067.36884	1139.48513	2067.07836	1131.63973	0.262	41.136	13.376	15.206
9.323	0.093	FIXA	2066.98453	1131.43670	2068.16207	1125.54781	0.200	20.306	4.315	5.876
9.416	0.210	PURS	2068.03456	1125.90655	2063.34517	1139.53287	0.480	21.588	4.550	5.417
9.626	0.073	FIXA	2063.26259	1139.32382	2060.86600	1140.99321	0.097	8.725	3.181	3.519
9.698	0.128	PURS	2061.22779	1141.47397	2064.67327	1148.54003	0.262	9.222	1.914	2.674
9.826	0.180	FIXA	2064.54190	1148.55995	2058.14360	1151.10911	0.230	8.632	2.633	3.109
10.006	0.020	ISAC	2057.97756	1151.30981	2072.98871	1142.05864	0.588	62.306	38.026	36.159
10.026	0.005	ILPS	2073.79325	1141.68905	2072.27045	1142.32309	0.055	21.986	16.893	16.893
10.031	0.188	FIXA	2072.14985	1141.77145	2059.88558	1128.21494	0.609	33.765	4.409	7.353
10.219	0.023	SACC	2059.72767	1126.67274	2065.54015	1091.42023	1.191	199.763	52.040	69.244
10.241	0.015	HPSO	2064.77001	1090.26500	2056.39974	1116.43232	0.916	199.706	64.236	87.093
10.256	0.048	FIXA	2056.36237	1116.30574	2057.90037	1121.24178	0.172	11.162	7.740	6.399
10.304	0.015	ISAC	2057.76047	1120.26533	2060.65151	1106.38859	0.472	47.327	36.465	33.770
10.319	0.023	ILPS	2060.96531	1106.47307	2060.06690	1116.97990	0.352	27.258	19.032	16.445
10.341	0.088	FIXA	2060.28582	1117.32231	2060.67297	1112.15400	0.173	16.500	8.278	8.384
10.429	0.030	ISAC	2059.38234	1113.45858	2087.33022	1121.88663	0.973	58.719	31.551	36.173
10.459	0.338	FIXA	2087.75763	1122.09277	2095.43315	1111.59530	0.433	18.656	3.872	4.849
10.796	0.043	SACC	2095.74060	1111.11069	2095.92420	1115.53742	0.148	205.961	56.385	61.172
10.839	0.103	FIXA	2095.98514	1115.30771	2101.04326	1084.17333	1.051	149.877	6.369	17.202
11.147	0.060	SACC	2093.96307	1259.28110	2080.39845	1299.40452	1.748	698.358	253.896	281.090
11.207	0.035	LPSO	2079.71253	1296.88810	2070.76540	1261.86800	1.205	59.114	41.734	38.534
11.242	0.313	PURS	2070.67683	1261.66060	2082.19425	1191.29753	2.377	65.003	7.090	10.171
11.554	0.018	SACC	2080.45401	1194.58250	2100.94643	1144.12212	1.815	163.399	111.725	110.798
11.572	0.005	HPSO	2101.55632	1142.63459	2098.96366	1151.07483	0.294	117.684	69.556	69.556
11.577	0.183	FIXA	2098.51155	1152.20734	2089.69799	1137.84118	0.562	109.040	12.280	20.656
11.759	0.018	SACC	2089.09318	1140.11039	2089.18743	1104.92316	1.173	112.320	73.176	71.618
11.777	0.018	HPSO	2088.04013	1105.24508	2084.46366	1123.67357	0.626	84.528	37.899	38.124
11.794	0.105	FIXA	2084.30800	1123.42944	2081.25104	1111.95531	0.396	33.491	7.382	9.948
11.899	0.018	SACC	2080.99208	1114.75999	2085.58415	1088.10356	0.902	86.316	55.550	56.868
11.917	0.020	LPSO	2085.69788	1087.89603	2083.03808	1102.56108	0.497	62.898	27.192	26.508
11.937	0.263	FIXA	2083.08940	1102.72587	2084.29347	1088.82356	0.465	60.462	7.894	12.521
12.199	0.025	SACC	2084.25188	1090.28763	2088.06749	1154.18812	2.134	306.199	71.055	104.428
12.224	0.013	HPSO	2087.77115	1155.98623	2082.66922	1100.63794	1.853	286.381	138.779	153.036
12.237	0.073	FIXA	2082.54039	1096.94737	2082.43419	1095.48163	0.049	157.101	9.219	35.460
12.309	0.155	PURS	2082.22162	1095.61257	2093.27435	1146.38615	1.732	156.666	10.613	23.468
12.464	0.018	SACC	2092.66530	1148.69110	2082.49941	1089.40997	2.005	184.724	133.898	119.141
12.482	0.035	HPSO	2082.15655	1089.04817	2079.09784	1110.48974	0.722	216.744	79.057	87.166
12.517	0.058	FIXA	2079.20122	1110.65891	2083.62415	1098.26836	0.439	50.043	5.978	13.684
12.575	0.015	SACC	2083.62198	1095.70841	2083.02044	1116.22253	0.684	77.355	57.009	52.453
12.590	0.008	HPSO	2084.50349	1117.29796	2087.12792	1110.50587	0.243	69.992	30.231	41.547
12.597	0.125	FIXA	2087.03631	1108.96565	2080.61713	1099.18667	0.390	21.949	6.127	8.132
12.722	0.153	PURS	2081.06523	1100.50623	2073.61147	1095.11036	0.307	22.640	4.726	6.867
12.875	0.020	SACC	2074.41773	1092.38798	2073.46535	1062.43142	0.999	86.214	58.817	55.499
12.895	0.018	HPSO	2073.40107	1061.55633	2074.05427	1087.22966	0.856	118.473	53.007	50.656
12.912	0.408	FIXA	2074.06712	1087.59330	2074.36555	1097.28414	0.323	61.010	5.609	8.295
13.320	0.140	PURS	2074.03909	1097.70827	2073.25918	1113.22222	0.518	65.961	10.729	14.703
13.460	0.018	SACC	2072.11594	1114.77782	2085.44147	1092.48538	0.866	79.455	56.978	53.147
13.477	0.265	FIXA	2086.00440	1091.88149	2091.14692	1111.21654	0.667	56.933	8.432	12.016
13.742	0.020	SACC	2090.96760	1111.97614	2094.73162	1069.85724	1.410	137.573	103.220	87.627
13.762	0.045	FIXA	2094.71292	1071.75816	2092.00871	1116.23466	1.485	157.111	15.867	41.193
13.807	0.020	SACC	2090.15701	1117.80483	2061.94528	1167.47618	1.904	153.374	112.088	99.559
13.827	0.188	FIXA	2060.98720	1168.28997	2056.49304	1177.73574	0.349	19.647	6.257	6.716
14.015	0.220	PURS	2056.41567	1177.34530	2052.85767	1195.96183	0.632	16.300	5.567	5.661
14.235	0.048	FIXA	2052.27765	1196.87471	2051.60252	1200.96243	0.138	16.761	1.838	4.939
14.283	0.150	PURS	2051.45874	1201.01593	2049.50487	1185.65529	0.516	10.326	3.882	4.314
14.433	0.040	SACC	2049.81181	1185.30649	2080.28949	1131.24370	2.069	111.605	52.101	55.969
14.473	0.410	FIXA	2081.04256	1130.62608	2076.86120	1118.73188	0.420	18.361	2.993	4.050
14.883	0.445	PURS	2076.93523	1118.99376	2055.69094	1153.24727	1.344	25.615	4.235	5.896
15.328	0.020	SACC	2055.56572	1153.86466	2068.52234	1121.62397	1.158	122.275	75.404	73.059
15.348	0.005	HPSO	2069.11669	1120.84618	2067.67524	1125.04445	0.148	59.163	36.105	36.105
15.353	0.060	FIXA	2067.48793	1125.25660	2069.37593	1125.01949	0.063	39.862	15.138	18.382
15.413	0.638	PURS	2069.39444	1124.81399	2076.29955	1113.42541	0.444	66.231	6.930	11.316
16.051	0.050	FIXA	2076.35310	1113.51227	2077.64964	1121.77767	0.279	68.217	3.960	11.358
16.101	0.013	ISAC	2077.36386	1120.10121	2074.58852	1101.46727	0.628	92.785	57.933	54.755
16.113	0.013	ILPS	2074.64646	1101.96014	2075.88503	1110.98398	0.304	52.552	25.029	25.603
16.126	0.515	FIXA	2075.86337	1110.82746	2074.10174	1120.78935	0.337	45.174	5.675	8.083
16.641	0.013	ISAC	2074.25986	1123.20269	2074.06286	1109.97466	0.441	87.693	32.235	41.739
16.654	0.098	FIXA	2074.49896	1110.68364	2077.90167	1122.90799	0.423	91.620	8.908	13.367
16.751	0.033	SACC	2078.13306	1122.41792	2077.24245	1105.69500	0.558	141.895	55.558	67.317
16.784	0.083	FIXA	2077.28837	1106.90530	2080.53382	1120.29340	0.459	24.579	5.643	7.982
16.866	0.335	PURS	2080.73443	1117.41558	2078.54535	1111.43534	0.212	54.816	8.281	11.597
17.201	0.113	FIXA	2078.58586	1111.00493	2077.86490	1131.12462	0.671	47.452	5.944	8.743
17.314	0.010	ISAC	2078.45741	1129.11424	2079.96840	1120.05915	0.306	58.664	32.672	37.578
17.324	0.328	FIXA	2079.97899	1119.39279	2079.09345	1128.40598	0.302	26.130	5.464	6.909
17.651	0.163	PURS	2078.87315	1128.06079	2079.36013	1129.78712	0.060	39.984	5.133	10.141
17.814	0.038	SACC	2079.18575	1127.77455	2093.09673	1242.62256	3.856	196.782	127.914	117.389
17.851	0.018	HPSO	2093.47342	1243.82919	2107.69896	1290.37027	1.622	154.167	92.438	95.512
17.869	0.225	PURS	2109.13734	1290.50919	2099.70925	1388.10664	3.268	300.084	12.947	31.514
18.354	0.103	FIXA	2278.52743	1862.17044	2074.19600	1569.67162	9.699	905.730	154.310	245.969
18.457	0.203	SACC	2072.44667	1570.57000	2064.44799	1218.30704	11.745	775.335	132.275	170.462
18.659	0.005	LPSO	2064.63204	1218.01778	2064.13073	1221.46303	0.116	46.404	25.487	25.487
18.664	0.275	PURS	2064.11371	1221.73237	2138.75265	1257.08310	2.753	165.883	10.780	20.615
18.939	0.020	SACC	2138.63212	1255.94969	2149.09060	1223.30987	1.142	88.123	61.176	59.095
18.959	0.005	LPSO	2149.25722	1222.10735	2149.53348	1220.43559	0.056	22.584	19.383	19.383
18.964	0.073	FIXA	2149.58646	1219.91778	2151.35665	1213.30049	0.228	13.382	4.808	5.760
19.037	0.220	PURS	2151.25171	1212.95421	2157.61468	1196.18263	0.598	8.193	2.946	3.302
19.257	0.053	SACC	2157.55598	1197.19011	2183.92227	1083.45040	3.892	260.082	56.081	85.808
19.309	0.148	FIXA	2183.80507	1083.26709	2182.09683	1066.88386	0.549	8.529	4.185	4.403
19.457	0.023	SACC	2182.38928	1067.66467	2186.63927	1007.75914	2.002	184.322	112.465	90.706
19.480	0.035	HPSO	2185.51860	1009.17226	2186.02372	979.76923	0.980	48.982	36.225	34.384
19.515	0.230	PURS	2186.08792	979.26946	2181.65433	933.17113	1.544	65.934	7.698	12.215
19.745	0.065	FIXA	2181.99542	931.95411	2187.35902	961.67693	1.007	87.044	18.658	27.881
19.810	0.020	SACC	2187.53275	962.80405	2187.99869	937.18828	0.854	88.963	60.108	55.036
19.830	0.548	FIXA	2186.23830	936.38964	2156.18281	936.29211	1.002	97.035	3.913	9.155
20.377	0.013	ISAC	2156.55392	935.24631	2159.53915	921.94343	0.454	52.098	46.220	39.314
20.390	0.013	ILPS	2159.55248	921.34021	2157.96920	924.95081	0.131	34.103	8.042	12.384
20.402	0.090	FIXA	2157.80503	924.76488	2157.07310	931.31366	0.220	10.681	4.004	4.613
20.492	0.028	ISAC	2157.03291	931.69788	2157.14059	938.73841	0.235	68.656	21.306	31.835
20.520	0.005	IHPS	2157.24996	939.62570	2157.25435	936.84928	0.093	37.006	24.461	24.461
20.525	0.080	FIXA	2157.44396	936.10104	2156.57645	926.84834	0.310	12.374	4.916	5.680
20.605	0.020	ISAC	2156.63962	927.22753	2156.87676	913.19057	0.468	54.298	28.725	29.186
20.625	0.015	ILPS	2157.37891	912.80849	2158.09310	920.98164	0.273	32.733	20.319	19.745
20.640	0.090	FIXA	2158.04818	921.90326	2156.97418	930.28699	0.282	12.375	3.791	4.199
20.730	0.020	ISAC	2156.80801	930.83820	2156.79746	924.73135	0.204	25.770	17.755	16.193
20.750	0.095	FIXA	2156.70620	924.41545	2156.20214	939.30845	0.497	18.153	4.003	5.717
20.845	0.268	PURS	2156.12595	939.65916	2160.49748	947.56951	0.301	10.475	2.564	3.136
21.113	0.355	FIXA	2160.48524	947.35533	2161.12256	956.50990	0.306	9.648	2.661	2.782
21.468	0.030	ISAC	2161.84932	957.68833	2167.97776	943.63403	0.511	52.771	16.715	24.186
21.498	0.180	FIXA	2168.27226	943.49622	2174.45325	933.74712	0.385	28.906	5.971	7.857
21.678	0.130	PURS	2174.23213	934.08500	2172.97137	947.29879	0.442	20.004	6.681	7.106
21.808	0.018	ISAC	2172.97994	948.69456	2174.09054	933.57018	0.506	45.001	32.900	31.568
21.825	0.390	FIXA	2173.79374	932.63863	2176.08070	950.91050	0.614	132.931	6.092	10.514
22.441	0.048	SACC	2044.44461	1359.68891	2110.32503	1238.48343	3.943	629.478	284.289	274.793
22.488	0.035	HPSO	2108.86149	1238.20041	2102.75462	1227.50361	0.411	136.136	43.659	49.943
22.523	0.378	PURS	2098.52916	1239.96150	2069.72600	1225.77921	1.070	319.060	10.557	21.526
22.901	0.020	SACC	2068.97301	1226.71213	2083.28686	1193.63732	1.201	118.721	87.766	78.311
22.921	0.085	FIXA	2084.99281	1191.76732	2115.95099	1132.80366	2.220	79.598	33.187	37.999
23.006	0.015	SACC	2115.77368	1133.88499	2118.80225	1111.34559	0.758	160.469	78.754	80.356
23.021	0.010	HPSO	2118.87231	1109.46610	2115.42006	1128.12197	0.632	144.615	54.227	69.534
23.031	0.150	FIXA	2114.99890	1129.47692	2111.55167	1173.70622	1.479	167.525	11.730	28.539
23.181	0.015	SACC	2111.54825	1170.37217	2115.19361	1116.30326	1.806	172.803	140.164	127.791
23.196	0.005	LPSO	2115.25152	1114.37051	2114.72918	1120.75242	0.213	85.346	55.559	55.559
23.201	0.128	FIXA	2114.72049	1121.08274	2113.92005	1140.58146	0.651	47.609	10.446	11.997
23.328	0.013	SACC	2114.11213	1135.80617	2114.12089	1112.06087	0.792	102.295	87.412	76.103
23.341	0.138	PURS	2113.62280	1113.81614	2110.97392	1181.99273	2.274	101.433	9.214	21.269
23.478	0.025	SACC	2108.20886	1185.74573	2070.04056	1145.38840	1.852	201.093	82.360	111.330
23.503	0.008	LPSO	2072.85361	1147.14194	2072.48201	1158.64383	0.384	87.442	66.246	65.957
23.511	0.090	FIXA	2072.32337	1160.39548	2076.54047	1151.44953	0.330	57.028	17.906	23.099
23.601	0.023	SACC	2076.00970	1154.56125	2082.71174	1192.60930	1.288	108.883	55.913	63.523
23.624	0.035	LPSO	2083.83522	1194.26550	2079.16410	1162.09582	1.084	71.798	27.500	37.302
23.659	0.075	FIXA	2079.02363	1158.44213	2078.87052	1171.91283	0.449	48.734	5.969	9.591
23.734	0.028	SACC	2078.85939	1173.89353	2083.13646	1146.95113	0.909	111.282	56.693	57.346
23.761	0.015	LPSO	2083.34924	1146.82836	2083.67318	1152.30069	0.183	69.615	6.613	16.078
23.776	0.088	FIXA	2083.68077	1152.27449	2081.58284	1165.75994	0.455	15.219	6.882	7.285
23.864	0.023	SACC	2081.38797	1166.82557	2088.63485	1142.80904	0.836	171.731	43.194	56.700
23.886	0.015	HPSO	2089.56397	1141.50614	2086.00647	1164.06465	0.761	171.346	47.092	71.717
23.901	0.080	FIXA	2085.85345	1164.22780	2084.87226	1167.64038	0.118	64.099	8.236	19.082
23.981	0.115	PURS	2085.05951	1167.56764	2085.14079	1174.79909	0.241	13.104	4.124	5.098
24.096	0.638	FIXA	2084.80924	1174.96988	2085.77305	1176.71487	0.066	27.252	4.987	6.860
24.734	0.028	SACC	2085.98743	1175.97508	2063.67011	1117.01591	2.101	208.655	74.234	103.318
24.761	0.118	FIXA	2063.59207	1116.94989	2064.32811	1120.30754	0.115	9.154	2.925	3.376
24.879	0.295	PURS	2064.16452	1119.81101	2066.20032	1107.01580	0.432	28.980	6.196	7.883
25.174	0.038	SACC	2066.28455	1106.48317	2099.69987	1080.59057	1.409	110.841	67.000	60.632
25.212	0.005	LPSO	2100.83503	1081.04489	2098.34577	1081.55855	0.085	33.877	25.087	25.087
25.217	0.205	FIXA	2098.42178	1081.88755	2097.91954	1107.19472	0.844	39.205	5.823	8.267
25.422	0.035	SACC	2095.63606	1107.38239	2058.85054	1074.61919	1.642	107.453	50.371	57.449
25.457	0.075	FIXA	2058.60830	1074.27738	2058.15862	1081.12971	0.229	9.753	3.810	4.563
25.532	0.018	ISAC	2058.41856	1080.50939	2058.74594	1092.13380	0.388	80.668	41.253	39.132
25.549	0.008	IHPS	2058.60801	1091.77485	2058.98882	1081.48334	0.343	89.550	47.729	47.468
25.557	0.278	FIXA	2059.12319	1080.28475	2060.47216	1100.25676	0.667	71.261	7.685	12.579
25.834	0.183	PURS	2060.23056	1100.10871	2059.58554	1102.80738	0.092	35.456	10.488	11.864
26.017	0.015	SACC	2059.58758	1099.55573	2062.01338	1076.80026	0.763	69.314	64.577	58.124
26.032	0.035	LPSO	2062.15346	1077.66249	2062.68864	1089.80497	0.405	79.542	50.611	44.876
26.067	0.148	FIXA	2062.25914	1093.54648	2059.95210	1110.91956	0.584	50.196	12.548	15.137
26.214	0.143	PURS	2059.55929	1111.03198	2060.87928	1086.35088	0.824	58.751	10.253	15.490
26.357	0.010	SACC	2061.49063	1089.55479	2064.32368	1108.84211	0.650	98.613	80.661	75.852
26.367	0.243	FIXA	2064.41356	1110.56386	2063.75006	1092.10481	0.616	49.357	6.684	9.698
26.610	0.033	SACC	2063.90922	1095.45673	2069.59680	1134.48560	1.315	200.622	50.902	84.074
26.642	0.100	FIXA	2069.50418	1134.04019	2061.43882	1093.96033	1.363	136.345	18.333	31.341
26.742	0.020	SACC	2062.67277	1095.28196	2088.15930	1083.76737	0.932	82.217	52.842	50.533
26.762	0.203	FIXA	2088.87932	1083.91801	2083.95946	1087.22722	0.198	63.586	10.551	13.099
26.965	0.018	SACC	2083.86728	1085.55763	2082.27156	1111.48947	0.866	78.550	51.860	52.666
26.982	0.095	FIXA	2082.21889	1112.81379	2082.18543	1090.40250	0.747	111.360	9.333	15.252
27.077	0.015	SACC	2082.46070	1092.58657	2082.33924	1115.92793	0.778	128.849	54.280	66.626
27.092	0.153	FIXA	2082.25910	1115.58265	2079.18617	1106.08400	0.333	20.546	5.604	6.482
27.245	0.013	ISAC	2077.91929	1106.68283	2069.84653	1112.86242	0.339	43.534	34.559	30.913
27.257	0.385	FIXA	2068.97638	1113.90970	2065.12093	1134.63466	0.703	55.446	3.549	7.446
27.642	0.020	SACC	2065.03076	1134.90862	2066.02600	1113.01351	0.731	76.325	48.876	46.317
27.662	0.020	HPSO	2066.21062	1113.36105	2065.89787	1126.73922	0.446	64.585	21.369	23.027
27.682	0.275	FIXA	2065.72420	1126.81156	2064.91151	1134.06399	0.243	19.313	4.528	5.804
27.958	0.290	PURS	2064.64814	1133.97287	2075.11848	1113.49940	0.767	45.267	6.536	8.429
28.248	0.070	SACC	2074.98733	1114.36100	2073.61421	1154.12387	1.326	159.744	58.465	70.436
28.318	0.010	HPSO	2073.33049	1154.24923	2072.20016	1139.50814	0.493	127.966	35.562	50.806
28.328	0.040	FIXA	2071.35386	1139.18039	2072.35615	1127.22515	0.400	30.785	14.748	15.529
28.368	0.158	PURS	2072.14818	1126.90562	2074.02534	1108.81070	0.606	27.983	5.581	8.272
28.525	0.070	FIXA	2074.14674	1109.70781	2075.64252	1138.07314	0.947	46.499	10.624	16.793
28.595	0.023	SACC	2075.51546	1139.04245	2078.28530	1076.10345	2.100	216.506	98.680	114.725
28.618	0.035	HPSO	2078.33955	1076.52553	2073.88431	1134.62328	1.942	163.665	74.409	77.433
28.653	0.090	FIXA	2074.31915	1133.04777	2076.95735	1105.14132	0.934	77.301	11.463	20.953
28.743	0.158	PURS	2076.94817	1104.94338	2077.34410	1132.72136	0.926	26.680	11.467	11.810
28.900	0.018	SACC	2077.37283	1135.75228	2076.53273	1108.56934	0.907	84.257	64.749	57.555
28.918	0.015	LPSO	2076.58096	1108.86818	2077.01681	1117.75854	0.297	62.163	12.247	20.507
28.933	0.223	FIXA	2076.80118	1117.78001	2073.17425	1131.70324	0.480	32.121	5.172	7.464
29.156	0.025	ISAC	2072.88830	1132.89572	2078.77019	1112.78862	0.698	63.864	28.386	32.483
29.181	0.083	FIXA	2078.90791	1112.49437	2079.35831	1099.05474	0.448	15.875	7.452	8.148
29.263	0.025	ISAC	2079.23157	1100.17659	2084.29780	1088.20035	0.433	64.335	40.836	39.416
29.288	0.008	IHPS	2084.05632	1088.66304	2083.38183	1093.92876	0.177	55.153	15.621	25.910
29.296	0.078	FIXA	2083.31298	1093.99496	2082.26065	1095.45861	0.060	17.388	4.687	7.320
29.373	0.340	PURS	2082.35352	1096.46427	2084.59649	1117.64960	0.710	20.302	4.997	5.320
29.713	0.030	ISAC	2084.29915	1119.12695	2098.50766	1132.74402	0.656	46.375	25.772	29.218
29.743	0.068	FIXA	2099.50823	1132.78999	2108.70377	1133.30897	0.307	18.115	6.830	7.214
29.811	0.155	PURS	2108.90909	1133.51093	2113.44017	1141.82426	0.316	20.162	2.991	4.160
29.966	0.613	FIXA	2113.32961	1141.91335	2107.82898	1141.47076	0.184	14.861	3.013	3.751
30.579	0.020	ISAC	2107.82431	1141.77222	2104.24926	1124.96133	0.573	67.589	39.219	37.013
30.599	0.008	IHPS	2104.12031	1125.97381	2104.49184	1131.81261	0.195	55.175	22.805	30.528
30.606	0.058	FIXA	2104.74139	1132.94516	2105.96474	1131.54518	0.062	22.634	6.779	8.921
30.664	0.050	SACC	2106.45800	1131.85916	2052.12728	1083.49357	2.425	208.059	55.358	74.665
30.714	0.020	HPSO	2051.85594	1081.81835	2050.81843	1112.26732	1.016	128.472	43.017	54.115
30.734	0.110	FIXA	2050.80246	1112.36510	2050.24217	1124.71756	0.412	112.247	11.119	22.579
30.844	0.018	SACC	2050.74412	1123.33989	2054.09149	1158.11605	1.165	164.475	98.301	98.091
30.861	0.035	HPSO	2052.82223	1159.03510	2050.60985	1127.29364	1.061	162.335	25.039	42.036
30.896	0.040	FIXA	2051.13307	1119.86832	2049.51619	1122.60823	0.106	99.214	24.503	33.116
30.936	0.033	SACC	2051.70642	1121.42427	2093.79388	1132.82038	1.453	92.514	68.929	65.232
30.969	0.028	LPSO	2093.81499	1133.29011	2095.82822	1114.82647	0.619	44.590	23.411	23.256
30.996	0.045	FIXA	2095.98772	1114.67916	2100.30125	1117.35584	0.169	7.327	4.511	4.280
31.041	0.033	ISAC	2100.30314	1117.64967	2099.71856	1110.41268	0.242	101.565	29.028	41.270
31.074	0.260	FIXA	2099.69500	1111.13050	2099.48880	1122.82012	0.390	14.199	3.137	4.293
31.334	0.038	SACC	2099.53534	1122.08231	2098.11570	1131.38972	0.314	129.660	32.296	46.348
31.371	0.375	FIXA	2098.09261	1131.33558	2098.24939	1117.27912	0.469	21.415	5.802	7.119
31.746	0.233	PURS	2098.31515	1117.25386	2099.81303	1133.10290	0.531	18.736	4.123	4.576
31.979	0.033	SACC	2101.49638	1133.04980	2115.70037	1175.82676	1.502	93.446	51.227	49.013
32.012	0.035	LPSO	2115.90541	1176.03900	2117.14667	1186.32053	0.345	26.002	10.236	12.255
32.047	0.188	FIXA	2117.22725	1186.73741	2118.37975	1193.21856	0.219	11.951	5.090	5.376
32.234	0.020	SACC	2116.72726	1192.58042	2089.74537	1172.93673	1.113	93.181	64.564	58.706
32.254	0.055	FIXA	2089.00449	1172.12869	2083.65523	1140.04329	1.084	105.355	16.955	23.203
32.309	0.010	ISAC	2083.16798	1141.59512	2081.69748	1157.78964	0.542	95.828	60.535	59.644
32.319	0.005	ILPS	2081.61006	1158.83965	2081.82796	1154.90807	0.131	52.483	33.263	33.263
32.324	0.355	FIXA	2081.72223	1154.87149	2088.60620	1164.24431	0.388	26.051	6.465	7.972
32.679	0.100	PURS	2088.54850	1164.28573	2088.19429	1178.22914	0.465	29.953	6.347	8.489
32.779	0.020	SACC	2088.30539	1177.02324	2083.94243	1196.53741	0.667	84.435	47.763	47.886
32.799	0.008	LPSO	2083.78040	1196.93456	2084.50216	1193.11438	0.130	43.975	7.845	19.179
32.807	0.045	FIXA	2084.56060	1193.14461	2085.22897	1179.03408	0.471	76.354	1.736	11.500
32.852	0.013	SACC	2085.81166	1181.43667	2087.99069	1203.64791	0.744	86.487	67.126	66.100
32.864	0.020	LPSO	2088.11582	1205.23427	2089.17135	1186.15632	0.637	51.277	37.272	34.587
32.884	0.048	FIXA	2089.37738	1185.57904	2087.24666	1172.35102	0.447	25.269	10.698	10.939
32.932	0.313	PURS	2087.03384	1172.14637	2114.66504	1171.41730	0.921	50.552	5.523	8.499
33.244	0.028	SACC	2115.41961	1170.28448	2089.75869	1142.78792	1.254	91.189	49.379	53.409
33.272	0.080	FIXA	2089.68358	1142.96830	2088.05724	1132.67336	0.347	30.028	5.949	8.219
33.352	0.043	SACC	2087.75984	1134.20210	2088.68446	1133.58106	0.037	261.291	83.884	96.673
33.395	0.053	FIXA	2088.56405	1133.53625	2087.82775	1136.93513	0.116	11.978	3.051	4.032
33.447	0.205	PURS	2087.95599	1136.95904	2086.90828	1158.85730	0.731	21.354	4.271	5.775
33.652	0.428	FIXA	2086.77141	1158.48819	2082.00988	1146.41153	0.433	15.118	3.194	4.117
34.080	0.020	ISAC	2082.01873	1145.71809	2083.31794	1151.48653	0.197	33.634	23.796	21.080
34.100	0.015	ILPS	2083.29829	1151.97895	2082.84270	1150.31656	0.057	16.737	2.358	5.015
34.115	0.095	FIXA	2082.79971	1150.36210	2082.43436	1147.52367	0.095	9.475	3.072	3.871
34.210	0.008	ISAC	2082.54796	1146.71235	2083.28530	1142.03028	0.158	40.805	22.386	24.703
34.217	0.025	ILPS	2083.19819	1142.03409	2082.58763	1142.92655	0.036	32.258	9.743	11.680
34.242	0.078	FIXA	2082.61030	1142.98022	2081.23502	1149.28976	0.215	6.807	3.414	3.581
34.320	0.175	PURS	2081.20364	1148.70684	2083.24408	1158.48169	0.333	11.519	3.603	4.013
34.495	0.290	FIXA	2083.25569	1158.11812	2084.49993	1159.06706	0.052	18.081	4.878	6.063
34.785	0.200	PURS	2084.43901	1158.18138	2087.74007	1142.29555	0.541	23.859	5.420	6.695
34.985	0.183	FIXA	2087.73524	1142.83170	2088.19434	1142.64315	0.017	21.670	4.656	5.880
35.168	0.028	ISAC	2088.13672	1143.19624	2091.52274	1127.45337	0.537	62.061	20.215	26.110
35.195	0.095	FIXA	2091.31909	1127.66196	2088.34907	1144.44447	0.568	43.994	5.140	10.709
35.290	0.020	SACC	2088.38680	1145.76126	2091.88363	1123.33359	0.757	97.799	57.507	53.595
35.310	0.008	HPSO	2091.42922	1124.87234	2090.26743	1132.27504	0.250	79.197	21.385	40.420
35.318	0.125	FIXA	2090.46479	1131.71779	2082.85633	1124.14904	0.358	74.412	8.774	16.976
35.443	0.025	SACC	2082.79347	1123.75104	2089.08812	1093.29193	1.037	118.601	37.076	50.581
35.468	0.018	HPSO	2089.53143	1091.42422	2085.44537	1118.30749	0.906	130.141	45.754	55.440
35.485	0.120	FIXA	2085.34073	1118.28336	2085.44652	1132.48128	0.473	15.095	6.766	7.033
35.605	0.030	SACC	2085.57811	1132.11776	2090.20194	1153.26053	0.721	255.954	77.423	108.227
35.635	0.023	LPSO	2090.54110	1154.44582	2086.02282	1136.89155	0.604	54.316	38.604	33.665
35.658	0.070	FIXA	2085.98955	1136.33131	2084.82539	1132.08231	0.147	14.168	6.080	5.842
35.728	0.118	PURS	2084.86233	1132.07462	2085.56193	1114.34918	0.591	52.393	5.692	10.209
35.845	0.120	FIXA	2085.36334	1115.94546	2078.15031	1126.46442	0.425	21.440	5.597	8.164
35.965	0.023	SACC	2078.02364	1124.22237	2075.10023	1106.46175	0.600	138.233	54.866	62.706
35.988	0.020	HPSO	2075.13533	1106.95830	2072.57323	1122.80665	0.535	165.346	19.732	49.829
36.008	0.280	FIXA	2072.12467	1122.45714	2071.37720	1110.84309	0.388	50.329	6.376	9.356
36.288	0.198	PURS	2071.36604	1110.95173	2069.88292	1130.14466	0.642	37.349	5.703	9.352
36.486	0.175	FIXA	2069.91912	1129.59859	2073.02564	1126.17868	0.154	37.515	5.260	8.186
36.661	0.175	PURS	2073.08412	1127.43113	2072.77376	1117.82253	0.320	63.451	8.804	15.001
36.836	0.253	FIXA	2072.62599	1117.85495	2069.84209	1116.86856	0.098	19.827	7.689	7.557
37.088	0.035	SACC	2068.90914	1117.29553	2112.16637	1126.14473	1.472	127.708	23.581	49.299
37.123	0.175	FIXA	2112.20696	1126.08731	2114.36093	1131.94948	0.208	16.635	5.303	6.516
37.298	0.033	SACC	2115.25427	1131.38955	2071.97001	1108.61188	1.630	107.115	45.714	55.167
37.331	0.290	FIXA	2071.52340	1108.46761	2056.97050	1134.21670	0.986	71.300	5.046	10.531
37.924	0.048	SACC	2098.24720	1154.90694	2090.52396	1136.70441	0.659	453.511	107.791	135.991
37.971	0.018	LPSO	2090.28087	1135.00609	2087.36263	1122.16979	0.439	52.339	28.183	28.650
37.989	0.045	FIXA	2087.36979	1121.51046	2084.65571	1099.32777	0.745	29.636	17.386	17.378
38.034	0.023	SACC	2084.41953	1099.81895	1994.92863	1165.72415	3.705	338.826	227.075	191.233
38.056	0.020	HPSO	1995.00379	1163.90467	2081.05816	1099.44151	3.584	352.844	248.172	210.933
38.076	0.178	FIXA	2081.09227	1099.50441	2082.38479	1092.33820	0.243	12.115	4.024	4.600
38.254	0.015	ISAC	2082.70482	1093.64568	2078.92055	1076.41530	0.588	64.908	42.268	42.435
38.269	0.008	IHPS	2078.24373	1075.71667	2078.22088	1080.35065	0.154	45.717	16.533	25.072
38.276	0.055	FIXA	2078.35277	1080.71106	2079.12269	1084.82466	0.140	16.840	6.632	7.398
38.331	0.025	SACC	2078.98204	1084.60599	2073.07996	1129.60461	1.513	372.697	120.744	151.622
38.356	0.028	HPSO	2073.90435	1133.00483	2079.31010	1089.30709	1.468	236.728	74.637	88.512
38.384	0.108	FIXA	2079.14843	1089.59519	2079.25117	1094.35872	0.159	35.725	6.173	9.136
38.491	0.025	SACC	2079.59275	1091.19281	2078.23414	1122.20452	1.035	118.481	70.120	66.888
38.516	0.108	FIXA	2078.17622	1122.58972	2077.42497	1095.83883	0.892	83.582	27.350	32.484
38.624	0.018	SACC	2077.29209	1092.55835	2083.51629	1129.48460	1.248	122.452	91.948	77.577
38.641	0.035	LPSO	2083.12132	1128.47010	2077.50897	1107.19266	0.734	86.309	42.247	44.952
38.676	0.123	FIXA	2077.64670	1106.20615	2076.84689	1128.00715	0.727	124.637	5.328	13.203
38.799	0.008	SACC	2076.60192	1123.68634	2076.34485	1108.90790	0.493	106.867	90.145	84.898
38.806	0.085	FIXA	2076.37789	1107.09866	2077.70896	1108.38190	0.062	46.692	5.250	8.569
38.892	0.190	PURS	2077.76249	1107.51113	2074.76520	1088.25002	0.650	121.792	10.787	18.363
39.082	0.010	SACC	2074.31475	1090.95507	2073.34029	1115.38248	0.815	134.405	96.044	90.761
39.092	0.005	LPSO	2074.08939	1117.59056	2075.22838	1113.59557	0.138	55.369	43.224	43.224
39.097	0.223	PURS	2076.18542	1112.41845	2063.53686	1078.58956	1.204	30.775	8.911	11.362
39.319	0.050	FIXA	2063.54911	1078.46666	2064.42626	1072.51542	0.201	25.917	9.116	10.150
39.369	0.093	PURS	2064.28762	1072.76534	2063.34894	1083.03722	0.344	19.701	8.878	8.873
39.462	0.150	FIXA	2063.55293	1082.36512	2062.86418	1078.35703	0.136	22.895	5.664	7.382
39.612	0.020	SACC	2062.63499	1079.28466	2065.33649	1057.85583	0.720	82.871	52.600	49.292
39.632	0.015	LPSO	2065.40354	1059.06606	2064.27018	1070.90919	0.397	75.197	20.280	29.129
39.647	0.055	FIXA	2064.32524	1070.49492	2062.78076	1069.55312	0.060	14.215	4.980	5.482
39.702	0.020	SACC	2061.51990	1069.42943	2061.58026	1095.06008	0.854	104.204	50.237	56.517
39.722	0.013	LPSO	2061.68498	1095.52153	2061.97766	1088.92996	0.220	51.371	13.157	19.001
39.734	0.103	FIXA	2062.37353	1089.27319	2061.97125	1086.12878	0.106	24.974	8.239	9.753
39.837	0.308	PURS	2062.02720	1086.44105	2064.47761	1106.03521	0.658	123.116	12.078	19.446
40.144	0.018	SACC	2062.21468	1103.38934	2056.96763	1084.46146	0.655	136.242	44.301	54.277
40.162	0.135	FIXA	2057.04495	1084.90094	2062.43825	1101.93138	0.595	141.323	6.972	16.053
40.485	0.033	SACC	2065.00778	1047.74967	2088.34003	1129.58981	3.358	247.008	149.540	154.880
40.517	0.005	LPSO	2087.84182	1132.45487	2086.93855	1127.20356	0.178	71.020	54.890	54.890
40.522	0.043	FIXA	2085.78898	1128.27024	2085.46996	1114.00909	0.475	99.211	13.971	21.493
40.565	0.028	SACC	2084.34299	1116.22715	2078.48997	1096.84261	0.675	97.173	65.808	57.299
40.592	0.098	FIXA	2078.42940	1097.09183	2080.70944	1090.94714	0.218	39.025	6.459	10.106
40.690	0.185	PURS	2080.61031	1090.20827	2083.46820	1077.70896	0.427	70.518	6.882	11.952
40.875	0.013	SACC	2083.15375	1080.74842	2078.45670	1105.19015	0.830	94.548	74.229	74.507
40.887	0.115	FIXA	2078.07494	1106.42695	2080.36751	1100.69738	0.206	47.828	6.245	9.378
41.002	0.398	PURS	2080.01542	1101.11742	2058.53246	1113.02473	0.819	63.180	8.608	13.409
41.400	0.325	FIXA	2058.74744	1112.99214	2059.38802	1105.35394	0.256	23.710	5.598	7.204
41.725	0.023	SACC	2059.17810	1106.65137	2061.86148	1078.59339	0.940	108.759	49.200	58.439
41.748	0.010	HPSO	2061.64110	1080.03796	2060.68339	1092.01686	0.401	86.761	36.775	44.947
41.758	0.130	FIXA	2060.75466	1093.05765	2061.53614	1105.81453	0.426	31.782	5.299	7.701
41.888	0.030	SACC	2061.95733	1104.48677	2057.63027	1120.68468	0.559	108.382	58.992	64.750
41.918	0.008	LPSO	2056.87965	1121.61109	2058.21038	1116.42354	0.179	56.089	17.769	29.916
41.925	0.260	FIXA	2058.86826	1115.67898	2060.67574	1113.31955	0.099	55.058	7.082	11.652
42.185	0.025	SACC	2059.42189	1110.31604	2057.30217	1103.48247	0.238	135.208	59.718	68.625
42.210	0.085	FIXA	2059.08523	1103.38543	2060.82230	1103.21552	0.058	59.635	7.239	12.185
42.295	0.028	SACC	2060.65448	1102.82130	2058.40829	1111.91124	0.312	200.176	73.424	85.733
42.323	0.125	FIXA	2058.32524	1113.53537	2061.57191	1100.70876	0.441	111.915	3.522	7.858
42.448	0.123	PURS	2061.93021	1099.20429	2067.79933	1122.57491	0.803	172.751	8.836	27.555
42.570	0.053	SACC	2066.78280	1124.75276	2089.51004	1091.44840	1.344	210.556	90.413	86.299
42.623	0.103	FIXA	2090.59359	1091.23181	2100.20474	1096.34854	0.363	21.116	7.071	8.669
42.725	0.315	PURS	2100.26249	1096.74520	2086.10811	1106.78506	0.578	39.414	9.133	10.695
43.041	0.175	FIXA	2086.38716	1106.13821	2083.80549	1102.94481	0.137	18.087	4.240	5.755
43.216	0.108	PURS	2083.45836	1104.48491	2080.99381	1113.59896	0.315	21.042	7.843	7.882
43.323	0.325	FIXA	2080.80845	1112.24173	2080.45956	1113.95399	0.058	18.258	4.314	5.288
43.648	0.020	SACC	2080.47367	1114.47120	2082.49831	1089.37145	0.839	99.987	49.194	52.449
43.668	0.013	LPSO	2082.21126	1089.59066	2081.38992	1097.25621	0.257	58.312	14.603	21.594
43.681	0.040	FIXA	2081.39939	1097.27024	2081.77191	1106.28171	0.301	21.661	10.021	11.234
43.721	0.038	SACC	2081.78102	1104.95332	2085.17089	1103.28905	0.126	202.928	56.157	71.787
43.758	0.133	FIXA	2085.06841	1102.28666	2080.70820	1110.86287	0.321	19.338	9.210	9.168
43.891	0.288	PURS	2080.87477	1111.01397	2088.46274	1114.13569	0.274	52.601	5.560	9.135
44.178	0.628	FIXA	2088.49806	1114.05638	2086.36015	1115.86266	0.093	43.123	5.743	8.671
44.806	0.200	PURS	2086.11688	1116.05071	2084.78786	1125.63594	0.323	36.544	5.636	8.139
45.006	0.108	FIXA	2084.69894	1126.00704	2083.55407	1126.44242	0.041	20.603	7.536	8.267
45.114	0.018	SACC	2083.35494	1125.59489	2084.82911	1144.74873	0.640	108.632	61.124	55.761
45.131	0.008	HPSO	2084.37611	1144.87358	2082.55165	1133.45287	0.386	104.546	49.695	53.501
45.139	0.113	FIXA	2082.29648	1132.20016	2084.29267	1133.67271	0.083	36.668	11.724	12.238
45.251	0.028	SACC	2085.44238	1132.70170	2060.13352	1152.32521	1.068	89.695	32.269	43.604
45.279	0.425	FIXA	2058.98882	1153.17486	2053.54721	1161.32700	0.327	22.980	4.674	5.282
45.704	0.023	SACC	2052.91186	1162.08493	2082.66750	1144.28462	1.156	107.880	68.123	65.545
45.726	0.023	HPSO	2083.08354	1145.84520	2096.13814	1128.36203	0.727	56.610	40.733	35.944
45.749	0.088	FIXA	2096.29283	1128.43653	2102.03012	1127.28081	0.195	14.767	4.644	5.080
45.837	0.023	ISAC	2101.94071	1127.06298	2102.77261	1108.50885	0.619	64.319	31.205	34.693
45.859	0.008	IHPS	2102.81687	1108.99399	2102.66934	1115.48569	0.216	58.910	27.638	31.014
45.867	0.065	FIXA	2102.64848	1116.68707	2101.81837	1120.95465	0.145	21.622	4.898	6.187
45.932	0.018	ISAC	2102.25244	1119.34132	2099.96043	1141.79019	0.752	67.045	47.480	46.186
45.949	0.035	IHPS	2099.76033	1142.76789	2100.58850	1131.27406	0.384	88.904	16.462	26.243
45.984	0.193	FIXA	2099.85375	1134.02308	2098.41523	1132.04205	0.082	59.299	8.075	11.850
46.177	0.018	ISAC	2096.46511	1132.46945	2080.09968	1124.79834	0.602	54.168	39.830	38.473
46.194	0.173	FIXA	2079.03229	1124.10206	2067.05100	1129.64941	0.440	24.801	3.800	6.629
46.367	0.018	ISAC	2067.31207	1131.37383	2064.49554	1113.65926	0.598	52.991	40.726	37.476
46.384	0.020	ILPS	2064.49332	1113.08656	2064.94378	1126.16647	0.436	38.910	24.657	22.824
46.404	0.430	FIXA	2065.00335	1127.07149	2066.73284	1139.67227	0.424	34.578	3.770	5.962
46.834	0.230	PURS	2066.61822	1140.84275	2067.06928	1153.56310	0.424	24.736	5.016	6.718
47.064	0.035	SACC	2067.06110	1153.84898	2068.24108	1159.36516	0.188	82.363	57.485	49.471
47.099	0.010	LPSO	2068.13708	1160.29583	2066.90575	1157.44760	0.103	34.943	9.566	14.903
47.109	0.078	FIXA	2066.60408	1157.50569	2071.44569	1141.62227	0.553	25.794	5.550	8.508
47.187	0.273	PURS	2071.46181	1141.01598	2071.75731	1129.54768	0.382	24.315	4.700	5.863
47.460	0.053	FIXA	2071.82375	1129.38907	2072.42969	1129.01269	0.024	6.398	2.592	3.113
47.512	0.200	PURS	2072.49222	1129.09616	2088.06066	1121.41967	0.579	29.582	5.761	7.551
47.712	0.018	ISAC	2088.21689	1122.90016	2087.28563	1104.52255	0.613	57.929	36.457	37.874
47.730	0.005	ILPS	2087.43764	1103.95071	2087.93766	1106.27097	0.079	31.636	19.761	19.761
47.735	0.345	FIXA	2088.37715	1107.18621	2092.09922	1128.79539	0.731	51.169	5.177	7.964
48.080	0.020	SACC	2092.08057	1128.66203	2090.13579	1103.00674	0.858	96.775	48.000	51.134
48.100	0.010	HPSO	2090.14360	1104.53483	2090.29845	1113.67580	0.305	77.584	25.894	35.584
48.110	0.438	FIXA	2090.37865	1114.25616	2096.41746	1117.58861	0.230	14.352	3.735	4.580
48.548	0.023	SACC	2096.69514	1116.18360	2099.46661	1098.36897	0.601	73.424	47.450	44.291
48.570	0.015	HPSO	2099.13856	1099.90403	2097.86932	1111.25682	0.381	85.949	18.821	28.920
48.585	0.038	FIXA	2097.57817	1111.00978	2084.01203	1115.65834	0.478	46.405	11.779	19.611
48.623	0.360	PURS	2082.80914	1115.38260	2077.54536	1163.37833	1.609	133.135	5.798	11.280
48.983	0.023	SACC	2077.90235	1165.55808	2069.89573	1125.34603	1.367	120.499	78.188	69.252
49.005	0.120	FIXA	2069.99377	1124.71000	2069.07408	1121.64769	0.107	13.109	4.006	5.167
49.125	0.018	SACC	2069.06173	1121.41488	2075.89175	1153.93957	1.108	130.527	100.773	79.002
49.143	0.018	HPSO	2076.68297	1156.21603	2070.77063	1129.51932	0.911	137.064	42.320	56.895
49.160	0.088	FIXA	2070.51973	1129.38479	2066.63670	1128.18781	0.135	50.998	11.603	14.415
49.248	0.168	PURS	2067.04489	1126.78066	2067.67458	1114.70683	0.403	51.991	8.195	11.787
49.415	0.090	FIXA	2067.62813	1115.40113	2067.89189	1116.93718	0.052	14.685	3.790	5.275
49.505	0.020	SACC	2067.93010	1116.49446	2076.82271	1154.15719	1.290	135.727	80.465	80.772
49.525	0.013	HPSO	2076.92600	1153.27139	2075.12855	1137.20353	0.539	107.096	36.264	45.488
49.538	0.053	FIXA	2074.71310	1136.20536	2070.38271	1105.40466	1.037	44.448	15.513	20.891
49.590	0.100	PURS	2070.13918	1105.62907	2073.25456	1091.92157	0.469	103.738	7.398	20.941
49.690	0.135	FIXA	2073.00892	1092.69104	2074.25804	1086.63900	0.206	170.163	10.774	23.048
49.825	0.035	SACC	2074.24332	1089.47151	2073.38680	1077.30895	0.406	270.553	84.445	105.119
49.860	0.060	FIXA	2073.17266	1075.12710	2075.54793	1099.70008	0.823	183.898	21.435	26.002
49.921	0.018	SACC	2077.90126	1100.83233	2093.06097	1123.19180	0.900	75.627	64.900	56.645
49.938	0.435	FIXA	2093.51583	1122.80000	2093.86595	1122.30939	0.020	43.256	6.804	8.170
50.373	0.033	ISAC	2094.33161	1121.07823	2066.64591	1126.24328	0.939	64.334	44.250	42.124
50.406	0.010	ILPS	2064.77751	1127.55017	2061.72345	1132.70543	0.200	37.303	27.218	27.705
50.416	0.175	FIXA	2061.70534	1132.77634	2058.03808	1137.89212	0.210	22.600	5.258	6.172
50.591	0.040	SACC	2058.13357	1139.40849	2059.28557	1139.71421	0.040	248.035	92.072	93.508
50.631	0.113	FIXA	2059.32283	1139.55864	2059.43818	1146.66721	0.237	19.368	3.787	5.250
50.743	0.038	SACC	2059.46870	1147.21125	2058.26317	1154.41409	0.243	285.482	65.536	103.296
50.781	0.063	FIXA	2058.36762	1154.45301	2060.05145	1152.20953	0.094	29.555	8.483	9.874
50.843	0.018	SACC	2060.58521	1150.31001	2059.48451	1123.38455	0.898	80.506	57.645	55.629
50.861	0.018	LPSO	2059.00949	1121.34173	2059.13803	1104.26675	0.569	47.134	36.811	36.528
50.878	0.583	FIXA	2059.52247	1102.45906	2064.34577	1111.47687	0.341	55.320	6.165	9.751
51.461	0.130	PURS	2064.55979	1110.96445	2062.36475	1127.98112	0.572	22.177	3.888	6.664
51.591	0.078	FIXA	2062.34299	1127.74094	2065.53960	1110.16338	0.596	33.892	3.285	9.690
51.669	0.028	SACC	2065.02185	1111.87483	2069.38681	1088.47511	0.793	246.765	47.863	74.182
51.696	0.125	FIXA	2068.83437	1089.83537	2059.30967	1113.05942	0.837	214.005	10.093	22.162
51.821	0.020	SACC	2059.72218	1112.98271	2064.63125	1090.02499	0.783	81.029	46.624	46.075
51.841	0.035	HPSO	2064.61297	1090.03479	2064.07797	1098.56327	0.285	62.517	24.999	27.374
51.911	0.045	SACC	2061.00266	1102.48299	2044.31263	1138.75184	1.331	255.497	59.060	85.582
51.956	0.095	FIXA	2044.43823	1139.03683	2049.41347	1134.42887	0.226	10.185	3.915	4.619
52.051	0.405	PURS	2049.30827	1134.11023	2059.90718	1106.47228	0.987	11.982	2.739	3.446
52.456	0.475	FIXA	2059.92600	1106.45594	2056.21205	1129.98172	0.794	26.798	3.648	4.359
52.932	0.035	SACC	2056.10436	1131.12973	2109.21055	1096.03691	2.122	155.542	51.308	74.950
52.967	0.373	FIXA	2109.09039	1096.48520	2107.95635	1099.76891	0.116	21.585	4.926	5.959
53.339	0.023	ISAC	2108.20050	1101.59112	2088.06044	1109.52099	0.721	53.945	37.516	36.669
53.362	0.245	FIXA	2087.51274	1110.06147	2077.63069	1104.53202	0.377	16.827	5.829	6.455
53.607	0.018	ISAC	2077.62081	1104.80189	2075.37059	1089.05690	0.530	72.897	36.978	39.655
53.624	0.010	IHPS	2075.24723	1088.57016	2076.96442	1097.35777	0.298	66.603	26.447	31.547
53.634	0.623	FIXA	2077.30578	1097.39365	2084.23341	1096.27530	0.234	25.415	5.829	7.040
54.257	0.025	SACC	2084.01903	1097.50646	2080.99525	1116.56135	0.643	81.918	41.178	42.937
54.282	0.005	LPSO	2080.84665	1118.19872	2081.04673	1115.42550	0.093	37.059	29.486	29.486
54.287	0.113	FIXA	2081.15799	1114.83733	2083.63218	1110.43889	0.168	13.412	2.770	4.411
54.400	0.335	PURS	2083.79044	1110.35326	2082.67045	1112.20962	0.072	30.112	4.365	5.926
54.735	0.073	SACC	2083.47077	1111.64889	2071.82778	1212.65577	3.389	118.954	45.636	47.490
54.807	0.305	FIXA	2071.79795	1212.77292	2070.34305	1222.68378	0.334	18.702	3.095	4.125
55.112	0.280	PURS	2070.37551	1221.64536	2073.40512	1180.70331	1.368	67.483	6.050	11.815
55.392	0.035	SACC	2073.81452	1178.24404	2078.45109	1120.94829	1.916	82.079	58.627	57.174
55.427	0.018	LPSO	2078.39097	1120.43560	2078.19625	1125.14353	0.157	41.187	6.880	11.262
55.445	0.130	FIXA	2078.28960	1125.10322	2083.04555	1103.67278	0.732	73.118	6.925	11.514
55.575	0.355	PURS	2083.36815	1103.14396	2064.95659	1091.78136	0.721	69.785	9.027	12.054
55.930	0.013	SACC	2064.98476	1089.69216	2064.95618	1112.75360	0.769	125.783	49.556	67.050
55.943	0.010	HPSO	2065.11795	1113.23264	2065.88268	1096.50127	0.558	106.624	58.314	57.498
55.953	0.128	FIXA	2066.05229	1094.86480	2069.41567	1116.43760	0.728	44.110	9.636	12.093
56.080	0.018	ISAC	2069.46335	1118.39203	2069.48067	1102.09152	0.543	54.184	35.269	34.798
56.098	0.015	IHPS	2069.72276	1103.07888	2069.82552	1113.79961	0.357	53.528	23.593	26.108
56.113	0.490	FIXA	2069.81826	1113.95527	2069.59272	1117.41386	0.116	26.790	3.987	5.438
56.603	0.025	SACC	2069.55506	1118.46595	2067.59123	1129.63677	0.378	138.584	63.861	66.463
56.628	0.010	HPSO	2067.46951	1131.37741	2068.29219	1126.09374	0.178	70.595	14.633	26.423
56.638	0.365	FIXA	2068.49877	1126.13066	2074.90826	1114.11639	0.454	24.321	5.947	7.552
57.003	0.030	SACC	2075.13748	1112.90367	2106.11364	1119.79539	1.058	72.605	58.138	51.757
57.033	0.525	FIXA	2106.37647	1119.65287	2108.30156	1126.37269	0.233	21.830	3.843	5.169
57.558	0.043	SACC	2108.44671	1126.47692	2064.90296	1127.72301	1.452	162.044	61.043	63.947
57.601	0.618	FIXA	2064.60610	1127.54766	2071.21026	1121.48543	0.299	22.680	4.298	5.340
58.218	0.035	SACC	2071.12740	1122.17671	2072.32141	1117.03918	0.176	185.877	58.439	72.393
58.254	0.065	FIXA	2072.20581	1117.28046	2072.00505	1113.57970	0.124	12.337	4.514	4.765
58.319	0.025	SACC	2072.19394	1112.62767	2071.57214	1105.36408	0.243	138.614	58.104	65.343
58.344	0.043	FIXA	2071.81107	1103.44586	2071.93307	1120.13732	0.556	57.446	26.128	28.438
58.386	0.235	PURS	2071.66298	1122.00616	2107.99971	1110.01545	1.275	71.147	7.874	17.626
58.621	0.023	SACC	2108.63350	1109.25134	2118.97393	1128.83297	0.738	89.010	51.146	46.815
58.644	0.010	HPSO	2118.80552	1127.76466	2115.93354	1118.93282	0.310	73.536	25.143	34.559
58.654	0.040	FIXA	2115.47836	1118.06562	2115.42046	1119.99363	0.064	13.805	7.207	7.331
58.694	0.023	ISAC	2114.86873	1120.74729	2092.02754	1114.73499	0.787	58.074	42.534	40.328
58.716	0.088	FIXA	2091.36821	1113.60811	2084.19931	1109.25963	0.279	25.482	7.456	10.106
58.804	0.233	PURS	2084.04938	1108.77305	2087.70465	1125.95095	0.585	20.247	4.761	5.571
59.036	0.583	FIXA	2087.79512	1125.27571	2093.04849	1122.59758	0.197	41.429	4.801	7.364
59.619	0.038	SACC	2093.09729	1120.75880	2100.70627	1151.26709	1.048	192.951	57.633	75.220
59.657	0.148	FIXA	2100.73636	1151.24731	2095.85716	1121.62104	1.001	56.070	8.654	13.532
59.804	0.203	PURS	2095.76092	1121.44877	2081.70902	1108.41651	0.639	20.881	7.118	7.824
